"V1","V2"
-0.441203046553325,0.83354333604134
-0.234132859495645,1
-0.112343264950894,0.887349260643613
-0.903118657104188,0.575454413552019
-0.414418987558614,0.573352624211459
-0.731137877385205,0.830473184563304
-0.17392208145674,0.400434925888136
-0.933506256512909,0.327119309146897
1,0.246129047985766
0.464987252573205,0.243063889579107
0.322145632250937,0.501104349905043
0.563775876092405,0.662920100871791
0.509093304329959,0.860728553730443
0.0680657587675189,0.58039432340652
0.941828990095961,0.0632172767318764
0.823799103371284,0.215273335412801
0.90205575955735,0.391237100987512
-0.0459832079572847,-0.0526448886515708
0.304691751468416,-0.0696460029876187
0.472020481010597,-0.212800002819616
0.222621733017582,0.957985066604634
0.372242097846824,-0.878781150156928
0.55651004514617,-0.717184506910703
-0.960028637685173,0.00411957759790949
0.48841895788381,-0.477321469795737
0.816853400620205,-0.22432195559221
0.760181417967077,-0.519791947526933
-0.704002216917728,-0.0282851619429271
-0.420049107305443,-0.16096810367261
-0.66991336006164,-0.274715556471931
-0.374970081652173,-0.424812862621809
-0.612106840686915,-0.595226388793434
-0.803060911133404,-0.63936220268463
-0.544695576221011,-0.795921424329416
-1,-0.359610693161665
0.132185817631539,-0.544030959392232
0.143402893773042,-0.749801011420035
-0.114014645864929,-1
-0.174700220777549,-0.719654021272834
-0.391540012952004,0.146661191910754
-0.603166031880633,0.43639649451144
-0.115259189185422,-0.373123706574229
0.263993506313466,0.21939232559055
