start_val,end_val,k,variable,X2,df,p_value,fisher_p,fisher_method,V,n,p_adj_BH,fisher_p_adj_BH
9,13,2,SEXO,3.367683863915967,1,0.06648716652742788,NA,NA,0.032938519417312746,3376,0.07123624985081559,NA
9,13,2,COD_SALUD_MENTAL,8.81090463343226,1,0.002994355374111172,NA,NA,0.052209392792385935,3376,0.004237295340723356,NA
9,13,2,rangos_edad,1.4334235448988337,3,0.6977191068981221,0.8760123987601239,monte_carlo_B=10000,0.020605637147556578,3376,0.7168346988679337,0.8887082306262127
9,13,2,recod_estado_civil,0.27757012441262086,1,0.5982982839498364,NA,NA,0.010292309730181496,3376,0.7356126442006186,NA
9,13,3,SEXO,75.32831090805058,2,4.392028208440783e-17,NA,NA,0.14937499222476192,3376,9.981882291910871e-17,NA
9,13,3,COD_SALUD_MENTAL,45.93926375146366,2,1.0578293803363971e-10,NA,NA,0.11665162588715176,3376,3.6062365238740813e-10,NA
9,13,3,rangos_edad,13.629503960598763,6,0.03406002854725476,0.034596540345965404,monte_carlo_B=10000,0.044928695417178845,3376,0.044043140362829435,0.041046742783348786
9,13,3,recod_estado_civil,2.008456397698213,2,0.3663272575246767,NA,NA,0.0243910212731954,3376,0.5967895532077183,NA
9,13,4,SEXO,96.60185498037215,3,8.356692421805096e-21,NA,NA,0.16915759970169858,3376,2.3213034505014154e-20,NA
9,13,4,COD_SALUD_MENTAL,46.55441993425756,3,4.32316582026893e-10,NA,NA,0.11743004867254986,3376,1.4097279848703031e-9,NA
9,13,4,rangos_edad,156.72289088808722,9,3.5591909427192776e-29,9.999000099990002e-5,monte_carlo_B=10000,0.12439541424235372,3376,1.4829962261330326e-28,1.5554000155540003e-4
9,13,4,recod_estado_civil,12.453481404025913,3,0.005980690774822891,NA,NA,0.060735717910488735,3376,0.014017244003491152,NA
9,13,5,SEXO,148.14154953116952,4,5.092630268930122e-31,NA,NA,0.2094774229789589,3376,3.472247910634174e-30,NA
9,13,5,COD_SALUD_MENTAL,46.59360356854849,4,1.8530052499969218e-9,NA,NA,0.11747945717436037,3376,5.1472368055470044e-9,NA
9,13,5,rangos_edad,171.2625768233619,12,2.6338350176279543e-30,9.999000099990002e-5,monte_carlo_B=10000,0.1300377333223504,3376,1.3169175088139772e-29,1.5554000155540003e-4
9,13,5,recod_estado_civil,15.126148323791059,4,0.004446602733003325,NA,NA,0.0669364935721842,3376,0.01075790983791127,NA
9,13,6,SEXO,148.14579149444046,5,3.312588127210062e-30,NA,NA,0.2094804221010018,3376,1.911108534928882e-29,NA
9,13,6,COD_SALUD_MENTAL,51.37642037823485,5,7.241373416624642e-10,NA,NA,0.12336180121209447,3376,2.1724120249873927e-9,NA
9,13,6,rangos_edad,173.84277927827915,15,4.130862043673549e-29,9.999000099990002e-5,monte_carlo_B=10000,0.13101363064098384,3376,1.6306034382921904e-28,1.5554000155540003e-4
9,13,6,recod_estado_civil,18.521825454188463,5,0.0023587410036134183,NA,NA,0.07406971517175252,3376,0.0058968525090335455,NA
10,14,2,SEXO,5.640700737220097,1,0.017548192137770327,NA,NA,0.03991207254306737,3750,0.019074121888880788,NA
10,14,2,COD_SALUD_MENTAL,17.8160133707909,1,2.4332675186361787e-5,NA,NA,0.06985583606309873,3750,3.882873699951349e-5,NA
10,14,2,rangos_edad,2.2747057834643947,3,0.5173839187957378,0.6344365563443656,monte_carlo_B=10000,0.024629011529572975,3750,0.5543399129954333,0.6728872567288725
10,14,2,recod_estado_civil,0.016455204276433735,1,0.8979291011990891,NA,NA,0.0031170720204938443,3750,0.9678516073250559,NA
10,14,3,SEXO,147.82727442141797,2,7.938075440996198e-33,NA,NA,0.1985462326824111,3750,7.441945725933935e-32,NA
10,14,3,COD_SALUD_MENTAL,60.42898824749075,2,7.55112967707916e-14,NA,NA,0.12694249432714616,3750,3.3313807398878653e-13,NA
10,14,3,rangos_edad,23.559092633609943,6,6.293033142733367e-4,7.999200079992001e-4,monte_carlo_B=10000,0.056046519527513855,3750,9.254460504019658e-4,0.00111988801119888
10,14,3,recod_estado_civil,1.7908322900275333,2,0.40843759400183177,NA,NA,0.021853038171857832,3750,0.5967895532077183,NA
10,14,4,SEXO,160.16704541637387,3,1.6868683945270232e-34,NA,NA,0.20666691102117202,3750,2.108585493158779e-33,NA
10,14,4,COD_SALUD_MENTAL,65.86134125690933,3,3.281684841955764e-14,NA,NA,0.1325255610634259,3750,1.7580454510477305e-13,NA
10,14,4,rangos_edad,152.56173764797086,9,2.59758336888558e-28,9.999000099990002e-5,monte_carlo_B=10000,0.11645189284200708,3750,9.277083460305643e-28,1.5554000155540003e-4
10,14,4,recod_estado_civil,15.81361233198842,3,0.0012382487825944746,NA,NA,0.06493814971594314,3750,0.003714746347783424,NA
10,14,5,SEXO,160.8828443318824,4,9.45321609623213e-34,NA,NA,0.2071282014160199,3750,1.0128445817391568e-32,NA
10,14,5,COD_SALUD_MENTAL,68.96773639288094,4,3.748670642037068e-14,NA,NA,0.1356148825587919,3750,1.874335321018534e-13,NA
10,14,5,rangos_edad,153.6290406539129,12,1.039286432527402e-26,9.999000099990002e-5,monte_carlo_B=10000,0.11685852439934478,3750,3.247770101648131e-26,1.5554000155540003e-4
10,14,5,recod_estado_civil,17.108983001693428,4,0.0018409378379149882,NA,NA,0.067545506638993,3750,0.005113716216430523,NA
10,14,6,SEXO,174.86063608745195,5,6.69547899789779e-36,NA,NA,0.21593865554053507,3750,1.0043218496846686e-34,NA
10,14,6,COD_SALUD_MENTAL,71.14831137419344,5,5.909985590167294e-14,NA,NA,0.13774208882225597,3750,2.770305745390919e-13,NA
10,14,6,rangos_edad,194.33180606905228,15,3.0048750465016917e-33,9.999000099990002e-5,monte_carlo_B=10000,0.1314303553873651,3750,1.8780469040635572e-32,1.5554000155540003e-4
10,14,6,recod_estado_civil,18.560999090604696,5,0.0023195861906940944,NA,NA,0.07035339194022265,3750,0.0058968525090335455,NA
11,15,2,SEXO,11.323895144526167,1,7.651604009172757e-4,NA,NA,0.05376458569150681,4070,8.565228368476966e-4,NA
11,15,2,COD_SALUD_MENTAL,17.99559867901412,1,2.2141631147757528e-5,NA,NA,0.06732119113553917,4070,3.610048556699597e-5,NA
11,15,2,rangos_edad,2.7974324049637262,3,0.4239227633482821,0.5203479652034797,monte_carlo_B=10000,0.02621697597415493,4070,0.46078561233508925,0.5691305869413059
11,15,2,recod_estado_civil,0.14708891547815794,1,0.7013329633483261,NA,NA,0.006912165930520518,4070,0.8092303423249916,NA
11,15,3,SEXO,91.53191675991843,2,1.3307510471023382e-20,NA,NA,0.14996471063995823,4070,3.564511733309834e-20,NA
11,15,3,COD_SALUD_MENTAL,38.74238656594675,2,3.865428543779856e-9,NA,NA,0.09756543393162875,4070,9.996797958051352e-9,NA
11,15,3,rangos_edad,167.0916301987115,6,1.860923433945431e-33,9.999000099990002e-5,monte_carlo_B=10000,0.14327326092868484,4070,1.4223262058903003e-32,1.5554000155540003e-4
11,15,3,recod_estado_civil,19.400659592616954,2,6.126328731518484e-5,NA,NA,0.06904163112682676,4070,2.8717165928992893e-4,NA
11,15,4,SEXO,197.2247152549856,3,1.6780445481922877e-42,NA,NA,0.22013214439584,4070,1.2585334111442159e-40,NA
11,15,4,COD_SALUD_MENTAL,80.81646170913369,3,2.050669954416683e-17,NA,NA,0.1409135355406238,4070,2.5633374430208537e-16,NA
11,15,4,rangos_edad,189.84356104644283,9,4.438836855833033e-36,9.999000099990002e-5,monte_carlo_B=10000,0.12469243440524716,4070,4.7558966312496774e-35,1.5554000155540003e-4
11,15,4,recod_estado_civil,19.855993483494938,3,1.8181497639644908e-4,NA,NA,0.06984713650191526,4070,6.81806161486684e-4,NA
11,15,5,SEXO,197.2765280493965,4,1.4466796814907466e-41,NA,NA,0.2201610578931436,4070,5.4250488055903e-40,NA
11,15,5,COD_SALUD_MENTAL,81.10848588969914,4,1.0142183078618241e-16,NA,NA,0.14116789617853626,4070,8.451819232181868e-16,NA
11,15,5,rangos_edad,195.18869997647025,12,3.2051401776506997e-35,9.999000099990002e-5,monte_carlo_B=10000,0.12643563783223236,4070,3.004818916547531e-34,1.5554000155540003e-4
11,15,5,recod_estado_civil,22.324479775629797,4,1.7270876403452305e-4,NA,NA,0.07406166461808976,4070,6.817451211889068e-4,NA
11,15,6,SEXO,197.30010479378757,5,1.0737991312898496e-40,NA,NA,0.22017421335051438,4070,2.684497828224624e-39,NA
11,15,6,COD_SALUD_MENTAL,81.11847952781443,5,4.895586496513828e-16,NA,NA,0.14117659278653227,4070,3.671689872385371e-15,NA
11,15,6,rangos_edad,210.9089152076834,15,1.2789326519957595e-36,9.999000099990002e-5,monte_carlo_B=10000,0.1314285259331729,4070,1.5986658149946993e-35,1.5554000155540003e-4
11,15,6,recod_estado_civil,23.177405941050488,5,3.1219641763267214e-4,NA,NA,0.07546319854346514,4070,0.0010643059692022913,NA
12,16,2,SEXO,21.089908154011624,1,4.382299958504401e-6,NA,NA,0.07111854752229622,4281,5.477874948130501e-6,NA
12,16,2,COD_SALUD_MENTAL,30.75752452660665,1,2.9236792649240754e-8,NA,NA,0.08551027787536546,4281,6.159854256744002e-8,NA
12,16,2,rangos_edad,1.4573942531053778,3,0.692138036544854,0.7626237376262374,monte_carlo_B=10000,0.018450830211862532,4281,0.7168346988679337,0.7967710691617405
12,16,2,recod_estado_civil,0.011062865654994668,1,0.9162328549343863,NA,NA,0.0024232151572185206,4281,0.9678516073250559,NA
12,16,3,SEXO,113.89807398719452,2,1.8507488320157527e-25,NA,NA,0.16311187355708828,4281,6.609817257199117e-25,NA
12,16,3,COD_SALUD_MENTAL,65.60472084066792,2,5.676960547190531e-15,NA,NA,0.12379267055835015,4281,3.275169546456075e-14,NA
12,16,3,rangos_edad,136.80947866728454,6,4.7210389079566576e-27,9.999000099990002e-5,monte_carlo_B=10000,0.12640681308834265,4281,1.6094450822579514e-26,1.5554000155540003e-4
12,16,3,recod_estado_civil,16.52505347350074,2,2.5800625303918484e-4,NA,NA,0.06212963794829526,4281,9.214509037113745e-4,NA
12,16,4,SEXO,133.8489629079621,3,8.007991902508546e-29,NA,NA,0.17682142708763982,4281,4.0039959512542733e-28,NA
12,16,4,COD_SALUD_MENTAL,85.47339239221174,3,2.0537091755131354e-18,NA,NA,0.1413002260700914,4281,5.1342729387828383e-17,NA
12,16,4,rangos_edad,233.84788027374833,9,2.5449453181006093e-45,9.999000099990002e-5,monte_carlo_B=10000,0.1349377541052438,4281,1.908708988575457e-43,1.5554000155540003e-4
12,16,4,recod_estado_civil,23.457328737708988,3,3.2421922320875924e-5,NA,NA,0.07402299676398101,4281,1.6210961160437962e-4,NA
12,16,5,SEXO,133.91313391677383,4,5.667139116161461e-28,NA,NA,0.17686380862515494,4281,2.656471460700685e-27,NA
12,16,5,COD_SALUD_MENTAL,86.51631953352707,4,7.231248200375594e-18,NA,NA,0.1421596691511912,4281,1.3558590375704238e-16,NA
12,16,5,rangos_edad,237.23083703595532,12,6.252323509396138e-44,9.999000099990002e-5,monte_carlo_B=10000,0.13591028692383678,4281,1.5630808773490345e-42,1.5554000155540003e-4
12,16,5,recod_estado_civil,32.276616270940345,4,1.6795377760285744e-6,NA,NA,0.08683031681117313,4281,1.4511077326008495e-5,NA
12,16,6,SEXO,159.90269754711795,5,1.0382336301412712e-32,NA,NA,0.1932659212474047,4281,8.651946917843928e-32,NA
12,16,6,COD_SALUD_MENTAL,86.5524554423508,5,3.5569297439927115e-17,NA,NA,0.1421893544901723,4281,3.810996154277905e-16,NA
12,16,6,rangos_edad,251.74062749362088,15,5.4377389996312754e-45,9.999000099990002e-5,monte_carlo_B=10000,0.14000495744707725,4281,2.0391521248617283e-43,1.5554000155540003e-4
12,16,6,recod_estado_civil,33.242183348467414,5,3.368834967003191e-6,NA,NA,0.08811952680354235,4281,2.29693293204763e-5,NA
13,17,2,SEXO,14.729091100091775,1,1.2411635720169304e-4,NA,NA,0.05837434206869195,4451,1.4544885609573402e-4,NA
13,17,2,COD_SALUD_MENTAL,25.978413799865702,1,3.452562635571216e-7,NA,NA,0.07707819348890987,4451,6.47355494169603e-7,NA
13,17,2,rangos_edad,4.948557091181096,3,0.1756030361770141,0.19088091190880913,monte_carlo_B=10000,0.033343447061744476,4451,0.2026188878965547,0.21551070699381678
13,17,2,recod_estado_civil,0.003955304696421538,1,0.9498531318535772,NA,NA,0.001695290014186599,4451,0.9758765053290178,NA
13,17,3,SEXO,31.122146588756586,2,1.7454673751941972e-7,NA,NA,0.08361919356469498,4451,2.2966675989397333e-7,NA
13,17,3,COD_SALUD_MENTAL,40.486910927023345,2,1.615767980608553e-9,NA,NA,0.09537367642490206,4451,4.660869174832365e-9,NA
13,17,3,rangos_edad,166.1774505669087,6,2.9075825839610106e-33,9.999000099990002e-5,monte_carlo_B=10000,0.13662879905568379,4451,1.8780469040635572e-32,1.5554000155540003e-4
13,17,3,recod_estado_civil,38.26862038756541,2,4.8986303378925336e-9,NA,NA,0.09272409554321957,4451,1.2910108253227544e-7,NA
13,17,4,SEXO,32.466355603006456,3,4.173347247817999e-7,NA,NA,0.08540591963260932,4451,5.396569717006034e-7,NA
13,17,4,COD_SALUD_MENTAL,40.67881035370233,3,7.649631227527804e-9,NA,NA,0.09559943479425952,4451,1.912407806881951e-8,NA
13,17,4,rangos_edad,169.1158716968915,9,9.429407138866858e-32,9.999000099990002e-5,monte_carlo_B=10000,0.11253892432519365,4451,5.051468110107245e-31,1.5554000155540003e-4
13,17,4,recod_estado_civil,41.483380716338345,3,5.164043301291018e-9,NA,NA,0.09654021773880339,4451,1.2910108253227544e-7,NA
13,17,5,SEXO,80.44175182756538,4,1.4041475590034998e-16,NA,NA,0.13443487967902007,4451,2.995494115767085e-16,NA
13,17,5,COD_SALUD_MENTAL,81.97938681322644,4,6.630481111313586e-17,NA,NA,0.13571365146905168,4451,6.216076041856487e-16,NA
13,17,5,rangos_edad,209.63837377238391,12,3.32385096396084e-38,9.999000099990002e-5,monte_carlo_B=10000,0.12529852730393762,4451,4.98577644594126e-37,1.5554000155540003e-4
13,17,5,recod_estado_civil,46.276680713386746,4,2.1570184972033276e-9,NA,NA,0.10196527696669268,4451,1.2910108253227544e-7,NA
13,17,6,SEXO,132.05622953061362,5,8.712433699005376e-27,NA,NA,0.1722465965747697,4451,3.630180707918907e-26,NA
13,17,6,COD_SALUD_MENTAL,88.909771168977,5,1.1384170964428408e-17,NA,NA,0.14133377176504508,4451,1.7076256446642614e-16,NA
13,17,6,rangos_edad,227.66791122569552,15,4.802525897374982e-40,9.999000099990002e-5,monte_carlo_B=10000,0.13057543671584523,4451,9.004736057578091e-39,1.5554000155540003e-4
13,17,6,recod_estado_civil,46.565606592018774,5,6.966130370255274e-9,NA,NA,0.10228308894209252,4451,1.3061494444228637e-7,NA
14,18,2,SEXO,24.99360524880164,1,5.75207748957316e-7,NA,NA,0.07466164003314717,4582,7.311962910474355e-7,NA
14,18,2,COD_SALUD_MENTAL,30.819487228211436,1,2.8317982991111928e-8,NA,NA,0.08264468346976508,4582,6.159854256744002e-8,NA
14,18,2,rangos_edad,8.912113696224836,3,0.030482494384539795,0.0337966203379662,monte_carlo_B=10000,0.044102460204853124,4582,0.04010854524281552,0.04078902454582128
14,18,2,recod_estado_civil,1.7833723251722235e-29,1,0.9999999999999967,NA,NA,9.229064645200019e-5,4582,0.9999999999999977,NA
14,18,3,SEXO,76.72429179190485,2,2.185403948566466e-17,NA,NA,0.12940137816953412,4582,5.2872676174995144e-17,NA
14,18,3,COD_SALUD_MENTAL,57.10239733631192,2,3.984482894223477e-13,NA,NA,0.11163480764774528,4582,1.6602012059264488e-12,NA
14,18,3,rangos_edad,114.01124421791442,6,2.943148119048933e-22,9.999000099990002e-5,monte_carlo_B=10000,0.1115401700701358,4582,8.489850343410383e-22,1.5554000155540003e-4
14,18,3,recod_estado_civil,22.756178909535624,2,1.1443491073846963e-5,NA,NA,0.07047289740586002,4582,6.602014081065556e-5,NA
14,18,4,SEXO,76.72636966542426,3,1.5454198532906426e-16,NA,NA,0.1294031304038679,4582,3.132607810724276e-16,NA
14,18,4,COD_SALUD_MENTAL,57.124700008243394,3,2.4170928799869267e-12,NA,NA,0.11165660630723057,4582,9.497655372935878e-12,NA
14,18,4,rangos_edad,119.25821018857405,9,1.8952812901935587e-21,9.999000099990002e-5,monte_carlo_B=10000,0.09314423364052743,4582,4.901589543604031e-21,1.5554000155540003e-4
14,18,4,recod_estado_civil,23.906080578441617,3,2.613355233491716e-5,NA,NA,0.0722315022158737,4582,1.400011732227705e-4,NA
14,18,5,SEXO,100.8327836857385,4,6.539443951025384e-21,NA,NA,0.14834514452570224,4582,1.886378062795784e-20,NA
14,18,5,COD_SALUD_MENTAL,89.90207641783377,4,1.3813619155587297e-18,NA,NA,0.14007393166826604,4582,5.1342729387828383e-17,NA
14,18,5,rangos_edad,186.58182641090883,12,1.896434941187067e-33,9.999000099990002e-5,monte_carlo_B=10000,0.11650551935581743,4582,1.4223262058903003e-32,1.5554000155540003e-4
14,18,5,recod_estado_civil,34.91227097277206,4,4.842141233269532e-7,NA,NA,0.08728939982530572,4582,7.263211849904298e-6,NA
14,18,6,SEXO,135.15839655987017,5,1.9116745744392747e-27,NA,NA,0.17174890348688085,4582,8.43385841664386e-27,NA
14,18,6,COD_SALUD_MENTAL,109.17853685039577,5,6.110610229754219e-22,NA,NA,0.15436224723673977,4582,4.582957672315664e-20,NA
14,18,6,rangos_edad,189.0973921735436,15,3.4532532873135334e-32,9.999000099990002e-5,monte_carlo_B=10000,0.11728827526665112,4582,1.9922615119116537e-31,1.5554000155540003e-4
14,18,6,recod_estado_civil,35.21184501040439,5,1.3650484730610857e-6,NA,NA,0.08766310483830604,4582,1.4511077326008495e-5,NA
15,19,2,SEXO,14.369199494981238,1,1.5023982824466072e-4,NA,NA,0.05685444093521841,4569,1.7335364797460852e-4,NA
15,19,2,COD_SALUD_MENTAL,26.577333678581848,1,2.531969318677183e-7,NA,NA,0.07687623325302499,4569,4.86917176668689e-7,NA
15,19,2,rangos_edad,18.064891594968987,3,4.26500710471612e-4,2.9997000299970003e-4,monte_carlo_B=10000,0.06287921349900667,4569,6.397510657074181e-4,4.285285757138572e-4
15,19,2,recod_estado_civil,8.270461450256553e-30,1,0.9999999999999977,NA,NA,2.611697230948836e-4,4568,0.9999999999999977,NA
15,19,3,SEXO,88.50265491841644,2,6.051912880553384e-20,NA,NA,0.1391770318935596,4569,1.5651498829017373e-19,NA
15,19,3,COD_SALUD_MENTAL,42.69387907374557,2,5.359718167809108e-10,NA,NA,0.09666566184685296,4569,1.6749119274403463e-9,NA
15,19,3,rangos_edad,150.43070539587868,6,6.273603387034235e-30,9.999000099990002e-5,monte_carlo_B=10000,0.12830473060401415,4569,2.9407515876722977e-29,1.5554000155540003e-4
15,19,3,recod_estado_civil,26.521723565767925,2,1.7413292791210192e-6,NA,NA,0.07619699151639023,4568,1.4511077326008495e-5,NA
15,19,4,SEXO,101.48865916152752,3,7.436767647962047e-22,NA,NA,0.1490383995913563,4569,2.3239898899881397e-21,NA
15,19,4,COD_SALUD_MENTAL,43.12727538911897,3,2.312535071426516e-9,NA,NA,0.09715506171291853,4569,6.194290369892454e-9,NA
15,19,4,rangos_edad,154.36332751201144,9,1.0989223200660936e-28,9.999000099990002e-5,monte_carlo_B=10000,0.10612088411376569,4569,4.120958700247851e-28,1.5554000155540003e-4
15,19,4,recod_estado_civil,31.12037650209739,3,8.018554051011006e-7,NA,NA,0.08253903245581973,4568,1.0023192563763758e-5,NA
15,19,5,SEXO,142.7686611994945,4,7.208147892057341e-30,NA,NA,0.17676890206186013,4569,3.861507799316432e-29,NA
15,19,5,COD_SALUD_MENTAL,75.53388893239918,4,1.5363352390173589e-15,NA,NA,0.12857612816431793,4569,1.0475012993300174e-14,NA
15,19,5,rangos_edad,154.60665766719123,12,6.577139535704121e-27,9.999000099990002e-5,monte_carlo_B=10000,0.10620449284181809,4569,2.144719413816561e-26,1.5554000155540003e-4
15,19,5,recod_estado_civil,31.270932646328294,4,2.6954931551097955e-6,NA,NA,0.08273844786101653,4568,2.0216198663323467e-5,NA
15,19,6,SEXO,189.27803739012748,5,5.5735335423457e-39,NA,NA,0.20353520223525098,4569,1.0450375391898188e-37,NA
15,19,6,COD_SALUD_MENTAL,76.84967617320795,5,3.823203768694177e-15,NA,NA,0.12969118005014393,4569,2.3895023554338605e-14,NA
15,19,6,rangos_edad,159.46965625945913,15,3.137639473868253e-26,9.999000099990002e-5,monte_carlo_B=10000,0.107861839522348,4569,9.41291842160476e-26,1.5554000155540003e-4
15,19,6,recod_estado_civil,32.930156587989316,5,3.885538696942166e-6,NA,NA,0.08490511417124405,4568,2.4284616855888536e-5,NA
16,20,2,SEXO,13.182045050417097,1,2.826441415435018e-4,NA,NA,0.05480683963552044,4513,3.211865244812521e-4,NA
16,20,2,COD_SALUD_MENTAL,19.511228328168237,1,1.0001008497739479e-5,NA,NA,0.0663425487666897,4513,1.6668347496232466e-5,NA
16,20,2,rangos_edad,28.40513128956477,3,2.986040979749809e-6,9.999000099990002e-5,monte_carlo_B=10000,0.07933516580325578,4513,5.8935019337167285e-6,1.5554000155540003e-4
16,20,2,recod_estado_civil,0.721934047540925,1,0.3955102383854688,NA,NA,0.0133538428734572,4512,0.5967895532077183,NA
16,20,3,SEXO,115.24000526677065,2,9.461299906509309e-26,NA,NA,0.15979712741243032,4513,3.5479874649409906e-25,NA
16,20,3,COD_SALUD_MENTAL,34.73578065867688,2,2.865636285286848e-8,NA,NA,0.08773156268033698,4513,6.159854256744002e-8,NA
16,20,3,rangos_edad,111.02738117768635,6,1.242006331834612e-21,9.999000099990002e-5,monte_carlo_B=10000,0.11090915168110149,4513,3.3268026745569964e-21,1.5554000155540003e-4
16,20,3,recod_estado_civil,12.318861266988968,2,0.002113456260435044,NA,NA,0.052251737532167615,4512,0.005661043554736725,NA
16,20,4,SEXO,120.04505253135443,3,7.546296299395946e-26,NA,NA,0.16309455654414312,4513,2.978801170814189e-25,NA
16,20,4,COD_SALUD_MENTAL,35.35866591767643,3,1.0231767035277483e-7,NA,NA,0.08851467286102521,4513,2.019427704331082e-7,NA
16,20,4,rangos_edad,121.3914967645181,9,6.933100891038906e-22,9.999000099990002e-5,monte_carlo_B=10000,0.09468928540210973,4513,1.9258613586219182e-21,1.5554000155540003e-4
16,20,4,recod_estado_civil,20.414585103031815,3,1.392621892016505e-4,NA,NA,0.06726447137764853,4512,6.143920111837522e-4,NA
16,20,5,SEXO,151.12281956730777,4,1.1697865078525652e-31,NA,NA,0.1829921067651155,4513,8.77339880889424e-31,NA
16,20,5,COD_SALUD_MENTAL,60.28046525472669,4,2.5327080994495676e-12,NA,NA,0.1155727989149784,4513,9.497655372935878e-12,NA
16,20,5,rangos_edad,124.96059469919365,12,6.313593601302976e-21,9.999000099990002e-5,monte_carlo_B=10000,0.096071207118602,4513,1.578398400325744e-20,1.5554000155540003e-4
16,20,5,recod_estado_civil,20.50755101060258,4,3.9640591553226524e-4,NA,NA,0.06741745512770385,4512,0.0012926279854312997,NA
16,20,6,SEXO,151.39289754352686,5,6.74534628657809e-31,NA,NA,0.1831555502364984,4513,4.215841429111307e-30,NA
16,20,6,COD_SALUD_MENTAL,62.125678144253705,5,4.416761900373953e-12,NA,NA,0.1173283341268302,4513,1.577414964419269e-11,NA
16,20,6,rangos_edad,176.1061548630685,15,1.447544036565857e-29,9.999000099990002e-5,monte_carlo_B=10000,0.11404965430665691,4513,6.386223690731724e-29,1.5554000155540003e-4
16,20,6,recod_estado_civil,24.574903473434638,5,0.00016828860984297869,NA,NA,0.07380085017215969,4512,6.817451211889068e-4,NA
17,21,2,SEXO,17.386244768906757,1,3.0502546241634638e-5,NA,NA,0.06318100177089662,4463,3.6898241421332224e-5,NA
17,21,2,COD_SALUD_MENTAL,11.124515685013666,1,8.519411873610762e-4,NA,NA,0.05051542094090728,4463,0.0012779117810416143,NA
17,21,2,rangos_edad,27.519901191049815,3,4.580278538150113e-6,9.999000099990002e-5,monte_carlo_B=10000,0.07852537005396973,4463,8.808227957980986e-6,1.5554000155540003e-4
17,21,2,recod_estado_civil,1.2198632108472387,1,0.269387498610886,NA,NA,0.017243814222720057,4462,0.4810491046622965,NA
17,21,3,SEXO,18.24156560752387,2,1.0936902932972112e-4,NA,NA,0.06393189997944548,4463,1.3020122539252516e-4,NA
17,21,3,COD_SALUD_MENTAL,11.388957187516866,2,0.0033644909884594613,NA,NA,0.05051595140221994,4463,0.00467290415063814,NA
17,21,3,rangos_edad,31.16796030156649,6,2.3544375909328906e-5,9.999000099990002e-5,monte_carlo_B=10000,0.05909160005557659,4463,4.1065771934876e-5,1.5554000155540003e-4
17,21,3,recod_estado_civil,1.6096764993152954,2,0.4471602490334736,NA,NA,0.018993478907088482,4462,0.5967895532077183,NA
17,21,4,SEXO,51.244239074168,3,4.339675419340005e-11,NA,NA,0.10715417104961034,4463,6.381875616676478e-11,NA
17,21,4,COD_SALUD_MENTAL,19.661333586320914,3,1.995030153780166e-4,NA,NA,0.06637324371077793,4463,3.1172346152815095e-4,NA
17,21,4,rangos_edad,66.71510124665645,9,6.684783029282494e-11,9.999000099990002e-5,monte_carlo_B=10000,0.07058915838321077,4463,1.43245350627482e-10,1.5554000155540003e-4
17,21,4,recod_estado_civil,6.559791429940222,3,0.08733406892620324,NA,NA,0.03834248290155553,4462,0.1819459769295901,NA
17,21,5,SEXO,76.84200500140099,4,8.122660269189378e-16,NA,NA,0.1312157299253196,4463,1.562050051767188e-15,NA
17,21,5,COD_SALUD_MENTAL,34.01501688815598,4,7.399230538956913e-7,NA,NA,0.08730153945881482,4463,1.3535177815165085e-6,NA
17,21,5,rangos_edad,97.65669432020337,12,1.600067202616768e-15,9.999000099990002e-5,monte_carlo_B=10000,0.08540374966655054,4463,3.8711303289115354e-15,1.5554000155540003e-4
17,21,5,recod_estado_civil,17.199507666973755,4,0.0017678054194651765,NA,NA,0.06208593484046357,4462,0.0050994387099957015,NA
17,21,6,SEXO,104.65867206933547,5,5.502095156554965e-21,NA,NA,0.1531348955295463,4463,1.6506285469664896e-20,NA
17,21,6,COD_SALUD_MENTAL,45.15470547547101,5,1.3495085944024482e-8,NA,NA,0.10058612173683153,4463,3.264940147747858e-8,NA
17,21,6,rangos_edad,99.89583597981904,15,1.3653796149841646e-14,9.999000099990002e-5,monte_carlo_B=10000,0.08637729947965721,4463,3.2001084726191356e-14,1.5554000155540003e-4
17,21,6,recod_estado_civil,20.62132971387798,5,9.549256475277225e-4,NA,NA,0.06798193941394248,4462,0.002984142648524133,NA
18,22,2,SEXO,7.186468520218666,1,0.00734554084799112,NA,NA,0.04192770879947833,4248,0.00810169946469609,NA
18,22,2,COD_SALUD_MENTAL,6.527681318363523,1,0.010620831790898922,NA,NA,0.039817968920345746,4248,0.013974778672235424,NA
18,22,2,rangos_edad,19.854498268431726,3,1.819447061260413e-4,NA,NA,0.06836553304398264,4248,2.8428860332193955e-4,NA
18,22,2,recod_estado_civil,0.8313576955998352,1,0.36188023077771236,NA,NA,0.014744708666902149,4247,0.5967895532077183,NA
18,22,3,SEXO,35.747020080148246,2,1.7283560625608896e-8,NA,NA,0.09173343752066054,4248,2.400494531334569e-8,NA
18,22,3,COD_SALUD_MENTAL,12.34374007417663,2,0.0020873289659221125,NA,NA,0.053905258125898387,4248,0.0030696014204736953,NA
18,22,3,rangos_edad,20.771190763797044,6,0.002016564375197416,0.0017998200179982,monte_carlo_B=10000,0.04944512114612542,4248,0.002908506310380888,0.0024703412011740002
18,22,3,recod_estado_civil,1.3795688547212794,2,0.5016842067984535,NA,NA,0.018023144309559886,4247,0.6377341611844748,NA
18,22,4,SEXO,88.51045216021619,3,4.575757403169053e-19,NA,NA,0.14434609043208066,4248,1.1439393507922633e-18,NA
18,22,4,COD_SALUD_MENTAL,38.4383583839002,3,2.282581653416445e-8,NA,NA,0.09512401260453539,4248,5.349800750194793e-8,NA
18,22,4,rangos_edad,40.01628960474861,9,7.547062441811497e-6,9.999000099990002e-5,monte_carlo_B=10000,0.05603579364891819,4248,1.3805602027703958e-5,1.5554000155540003e-4
18,22,4,recod_estado_civil,1.947473895474536,3,0.5833799473471822,NA,NA,0.021413846834031205,4247,0.7292249341839778,NA
18,22,5,SEXO,117.67760195078621,4,1.673463703993195e-24,NA,NA,0.1664388286981016,4248,5.456946860847375e-24,NA
18,22,5,COD_SALUD_MENTAL,40.79997424324142,4,2.956730043237121e-8,NA,NA,0.09800262093813723,4248,6.159854256744002e-8,NA
18,22,5,rangos_edad,82.83681538907965,12,1.1839433588167514e-12,9.999000099990002e-5,monte_carlo_B=10000,0.08062297428273126,4248,2.6907803609471625e-12,1.5554000155540003e-4
18,22,5,recod_estado_civil,10.645375586276945,4,0.03085231806254733,NA,NA,0.05006559292171151,4247,0.07011890468760758,NA
18,22,6,SEXO,125.48464410807152,5,2.159738885087525e-25,NA,NA,0.17187117166294275,4248,7.362746199162017e-25,NA
18,22,6,COD_SALUD_MENTAL,41.139864960648495,5,8.791716698198999e-8,NA,NA,0.09840998755141762,4248,1.782104736121419e-7,NA
18,22,6,rangos_edad,83.4738629919525,15,1.6088801552519777e-11,9.999000099990002e-5,monte_carlo_B=10000,0.08093239168497762,4248,3.549000342467598e-11,1.5554000155540003e-4
18,22,6,recod_estado_civil,10.994094135397217,5,0.051497205197607934,NA,NA,0.05087900330676042,4247,0.11359677617119399,NA
19,23,2,SEXO,2.8039028022871104,1,0.0940351565329209,NA,NA,0.02734124553938211,3993,0.09855007434229694,NA
19,23,2,COD_SALUD_MENTAL,4.561367757145138,1,0.03270094794985352,NA,NA,0.034454583772153054,3993,0.038929699940301814,NA
19,23,2,rangos_edad,14.692609737439764,3,0.002099099945939979,NA,NA,0.060659638309750186,3993,0.0029704244518018565,NA
19,23,2,recod_estado_civil,0.633307745540997,1,0.4261446007475689,NA,NA,0.013414845202857928,3992,0.5967895532077183,NA
19,23,3,SEXO,24.234117418601677,2,5.465479449275936e-6,NA,NA,0.07790475189482383,3993,6.719851781896643e-6,NA
19,23,3,COD_SALUD_MENTAL,14.675014477657948,2,6.506704671113943e-4,NA,NA,0.06062330569593774,3993,9.959241843541747e-4,NA
19,23,3,rangos_edad,15.868370928474965,6,0.014478184649056503,0.012098790120987902,monte_carlo_B=10000,0.044576043537531744,3993,0.01974297906689523,0.015683616823502836
19,23,3,recod_estado_civil,1.9069503664804226,2,0.38539936014467474,NA,NA,0.021856188541812503,3992,0.5967895532077183,NA
19,23,4,SEXO,75.32565534842705,3,3.0853766794233453e-16,NA,NA,0.13734783064769573,3993,6.089559235703971e-16,NA
19,23,4,COD_SALUD_MENTAL,27.92606528982756,3,3.7641594651593914e-6,NA,NA,0.08362867567047254,3993,6.721713330641771e-6,NA
19,23,4,rangos_edad,32.261251182033064,9,1.7944499166651278e-4,1.9998000199980003e-4,monte_carlo_B=10000,0.05189557410872227,3993,2.8428860332193955e-4,2.978425561699149e-4
19,23,4,recod_estado_civil,4.91754283259601,3,0.17793559951919657,NA,NA,0.03509771227534536,3992,0.3421838452292242,NA
19,23,5,SEXO,84.09312497034045,4,2.3623726497306042e-17,NA,NA,0.14512110970299122,3993,5.5368108978061033e-17,NA
19,23,5,COD_SALUD_MENTAL,29.355256675008576,4,6.6201429935946205e-6,NA,NA,0.08574193611102014,3993,1.1284334648172648e-5,NA
19,23,5,rangos_edad,37.6057293602048,12,1.7808741843907178e-4,9.999000099990002e-5,monte_carlo_B=10000,0.05602949725816144,3993,2.8428860332193955e-4,1.5554000155540003e-4
19,23,5,recod_estado_civil,4.91871938760761,4,0.295739529058885,NA,NA,0.03510191070543379,3992,0.5158247599864273,NA
19,23,6,SEXO,84.54361625283934,5,9.38306399504246e-17,NA,NA,0.14550930120614441,3993,2.0697935283181899e-16,NA
19,23,6,COD_SALUD_MENTAL,31.84707798887534,5,6.370206636034238e-6,NA,NA,0.08930692593244359,3993,1.1110825527966695e-5,NA
19,23,6,rangos_edad,58.87037838011845,15,3.939988623935967e-7,9.999000099990002e-5,monte_carlo_B=10000,0.07010324656585634,3993,8.208309633199932e-7,1.5554000155540003e-4
19,23,6,recod_estado_civil,4.923693206475268,5,0.4252636558012725,NA,NA,0.035119653782211206,3992,0.5967895532077183,NA
20,24,2,SEXO,2.7941644475682694,1,0.09460807136860505,NA,NA,0.02836522633997323,3713,0.09855007434229694,NA
20,24,2,COD_SALUD_MENTAL,2.856136281139322,1,0.0910259010957333,NA,NA,0.02845687526244364,3713,0.09752775117399996,NA
20,24,2,rangos_edad,5.2505421002405335,3,0.15434402558776358,NA,NA,0.03760448089837191,3713,0.18087190498566044,NA
20,24,2,recod_estado_civil,0.2535627895363871,1,0.6145775054781004,NA,NA,0.00917899775696133,3713,0.7434405308202828,NA
20,24,3,SEXO,32.14299926719042,2,1.0476986715029183e-7,NA,NA,0.09304236148526229,3713,1.4031678636199797e-7,NA
20,24,3,COD_SALUD_MENTAL,7.4610182670135075,2,0.02398062338920958,NA,NA,0.04482668022095737,3713,0.029008818615979332,NA
20,24,3,rangos_edad,34.63800663686352,6,5.064287206696116e-6,9.999000099990002e-5,monte_carlo_B=10000,0.06829658259210512,3713,9.495538512555216e-6,1.5554000155540003e-4
20,24,3,recod_estado_civil,2.8043751091841473,2,0.24605810922268806,NA,NA,0.027482458275097682,3713,0.46135895479254013,NA
20,24,4,SEXO,55.31590426470098,3,5.879191987097363e-12,NA,NA,0.12205695564535239,3713,9.381689341112812e-12,NA
20,24,4,COD_SALUD_MENTAL,11.469148752277224,3,0.00944157986110299,NA,NA,0.055578026066884625,3713,0.012874881628776803,NA
20,24,4,rangos_edad,35.915092039881465,9,4.104576679405831e-5,9.999000099990002e-5,monte_carlo_B=10000,0.05678261509909373,3713,6.996437521714484e-5,1.5554000155540003e-4
20,24,4,recod_estado_civil,2.804589440375695,3,0.4227449705999157,NA,NA,0.027483508461905382,3713,0.5967895532077183,NA
20,24,5,SEXO,61.86004180470432,4,1.1788588271854778e-12,NA,NA,0.12907514748814142,3713,2.1564490741197765e-12,NA
20,24,5,COD_SALUD_MENTAL,12.092727161444454,4,0.016674879707931044,NA,NA,0.057068919833360494,3713,0.021196880984658106,NA
20,24,5,rangos_edad,38.729489655472634,12,1.1659462115668516e-4,1.9998000199980003e-4,monte_carlo_B=10000,0.05896547279779114,3713,1.9432436859447526e-4,2.978425561699149e-4
20,24,5,recod_estado_civil,4.101918755287517,4,0.39238833210184254,NA,NA,0.03323770680405183,3713,0.5967895532077183,NA
20,24,6,SEXO,61.94889737787281,5,4.80500608658026e-12,NA,NA,0.12916781579474942,3713,7.834249054206944e-12,NA
20,24,6,COD_SALUD_MENTAL,13.79129239043888,5,0.016990941920082017,NA,NA,0.06094527042511707,3713,0.02123867740010252,NA
20,24,6,rangos_edad,54.46231205424137,15,2.198164884551272e-6,9.999000099990002e-5,monte_carlo_B=10000,0.0699237860237378,3713,4.455739630847173e-6,1.5554000155540003e-4
20,24,6,recod_estado_civil,4.775884888660229,5,0.4438392540213815,NA,NA,0.035864472759520705,3713,0.5967895532077183,NA
21,25,2,SEXO,1.0493176617728048,1,0.30566428781603666,NA,NA,0.018566515912241503,3414,0.3097948863000372,NA
21,25,2,COD_SALUD_MENTAL,1.0868210054364384,1,0.29717664613186023,NA,NA,0.018646923663460786,3414,0.30955900638735445,NA
21,25,2,rangos_edad,3.3278885911412623,3,0.34377989601066195,NA,NA,0.03122141852251549,3414,0.38482824180297975,NA
21,25,2,recod_estado_civil,0.5617398956804645,1,0.4535600604378659,NA,NA,0.01382075034160652,3414,0.5967895532077183,NA
21,25,3,SEXO,33.33291454593827,2,5.778958470218635e-8,NA,NA,0.09881090707084088,3414,7.880397913934502e-8,NA
21,25,3,COD_SALUD_MENTAL,1.8473281582605348,2,0.39706150767261333,NA,NA,0.023261636594224193,3414,0.4024272037222433,NA
21,25,3,rangos_edad,15.915479420805047,6,0.014214885264366393,0.010698930106989302,monte_carlo_B=10000,0.04827953810032348,3414,0.01974289620050888,0.01440240591325483
21,25,3,recod_estado_civil,1.6829110122793982,2,0.43108262317884116,NA,NA,0.022202343513523543,3414,0.5967895532077183,NA
21,25,4,SEXO,56.897614844423686,3,2.7025153929633186e-12,NA,NA,0.12909673902570878,3414,4.8049313860482506e-12,NA
21,25,4,COD_SALUD_MENTAL,8.492825782456896,3,0.03685232941231532,NA,NA,0.049876313867015194,3414,0.04252191855267152,NA
21,25,4,rangos_edad,17.736266029712986,9,0.03835957618131966,0.0202979702029797,monte_carlo_B=10000,0.041613927994078696,3414,0.048762173111847024,0.025372462753724626
21,25,4,recod_estado_civil,1.693892595023478,3,0.6382924642523422,NA,NA,0.022274664751990216,3414,0.7598719812527883,NA
21,25,5,SEXO,60.10674762196982,4,2.754827328000997e-12,NA,NA,0.132687452508898,3414,4.8049313860482506e-12,NA
21,25,5,COD_SALUD_MENTAL,13.310557643123714,4,0.009853945263169036,NA,NA,0.062440499253443256,3414,0.013197248120315672,NA
21,25,5,rangos_edad,37.24570528621416,12,2.0380535913205346e-4,2.9997000299970003e-4,monte_carlo_B=10000,0.06030394381904274,3414,3.1194697826334713e-4,4.285285757138572e-4
21,25,5,recod_estado_civil,8.47007626504134,4,0.0757994680570409,NA,NA,0.049809467862689576,3414,0.16242743155080192,NA
21,25,6,SEXO,60.16692826523902,5,1.1226445263883371e-11,NA,NA,0.13275386118016397,3414,1.754132072481777e-11,NA
21,25,6,COD_SALUD_MENTAL,13.466101530942241,5,0.019381229527160513,NA,NA,0.06280427172453262,3414,0.02382938056618096,NA
21,25,6,rangos_edad,48.659686553925376,15,1.989416730396058e-5,9.999000099990002e-5,monte_carlo_B=10000,0.06892745887091456,3414,3.552529875707247e-5,1.5554000155540003e-4
21,25,6,recod_estado_civil,9.069040265042588,5,0.10634185902796484,NA,NA,0.05154053314467472,3414,0.2155578223539828,NA
22,26,2,SEXO,0.06617430162048217,1,0.7969906804153755,NA,NA,0.005868404652382778,3056,0.7969906804153755,NA
22,26,2,COD_SALUD_MENTAL,0.6704313669153071,1,0.4129012533313016,NA,NA,0.01575212142928317,3056,0.4129012533313016,NA
22,26,2,rangos_edad,2.9058472488122673,3,0.4063706357647811,NA,NA,0.030836119184149823,3056,0.44820290709350863,NA
22,26,2,recod_estado_civil,0.051338675901025886,1,0.8207500374987994,NA,NA,0.0052808032463837655,3056,0.9187500419762679,NA
22,26,3,SEXO,42.40311209811844,2,6.198422851377799e-10,NA,NA,0.11779373458063196,3056,8.771353091572356e-10,NA
22,26,3,COD_SALUD_MENTAL,5.4138768697646755,2,0.0667408256307352,NA,NA,0.04208986299967455,3056,0.07361120473978149,NA
22,26,3,rangos_edad,4.589331880215575,6,0.5974538263377729,0.5634436556344365,monte_carlo_B=10000,0.027402050335708743,3056,0.6311131968356756,0.6067854752986239
22,26,3,recod_estado_civil,0.7275892754133042,2,0.6950339138463498,NA,NA,0.015430019309168631,3056,0.8092303423249916,NA
22,26,4,SEXO,52.58609796181831,3,2.2463868277426893e-11,NA,NA,0.13117733336424062,3056,3.369580241614034e-11,NA
22,26,4,COD_SALUD_MENTAL,8.606714361971717,3,0.0350036882221933,NA,NA,0.05306913635654427,3056,0.04101994713538277,NA
22,26,4,rangos_edad,4.8906733210329545,9,0.8437324627078261,0.7894210578942106,monte_carlo_B=10000,0.023096545323312574,3056,0.8551342527444185,0.8126393243028638
22,26,4,recod_estado_civil,0.7691212275559121,3,0.8568376611727121,NA,NA,0.015864293062008816,3056,0.9450415380581384,NA
22,26,5,SEXO,53.94931524768008,4,5.392868402779671e-11,NA,NA,0.13286674430929213,3056,7.778175580932218e-11,NA
22,26,5,COD_SALUD_MENTAL,9.037776922964538,4,0.06016214246792008,NA,NA,0.054381869557529605,3056,0.06734568186707471,NA
22,26,5,rangos_edad,24.04296843964611,12,0.02006901552393494,0.012098790120987902,monte_carlo_B=10000,0.051210231707633704,3056,0.02687814579098429,0.015683616823502836
22,26,5,recod_estado_civil,0.9968091612020996,4,0.9102794383828704,NA,NA,0.01806048194945972,3056,0.9678516073250559,NA
22,26,6,SEXO,71.0759678254172,5,6.118588815455479e-14,NA,NA,0.1525052224509354,3056,1.1472354028979022e-13,NA
22,26,6,COD_SALUD_MENTAL,18.37178199301024,5,0.0025147985080043195,NA,NA,0.07753520985556357,3056,0.003627113232698538,NA
22,26,6,rangos_edad,25.30609791674497,15,0.045980579655330964,0.0240975902409759,monte_carlo_B=10000,0.05253821213530635,3056,0.056533499576226595,0.029593531874882686
22,26,6,recod_estado_civil,1.157680321041527,5,0.9488723580432323,NA,NA,0.019463352603846323,3056,0.9758765053290178,NA
23,27,2,SEXO,2.048173071949881,1,0.15238895684162296,NA,NA,0.028667776890705196,2770,0.15656399675509208,NA
23,27,2,COD_SALUD_MENTAL,0.9307932743733046,1,0.3346568780387885,NA,NA,0.01941461240507922,2770,0.34382555962889233,NA
23,27,2,rangos_edad,0.38442242049653075,3,0.9434413223625734,0.9267073292670733,monte_carlo_B=10000,0.01178052024398601,2770,0.9434413223625734,0.9267073292670733
23,27,2,recod_estado_civil,0.08467265343873084,1,0.7710622880267414,NA,NA,0.00689376631988306,2770,0.8762071454849335,NA
23,27,3,SEXO,53.08429776322097,2,2.9709216790478517e-12,NA,NA,0.13843412300699257,2770,5.0640710438315656e-12,NA
23,27,3,COD_SALUD_MENTAL,5.950714372354516,2,0.05102920382232193,NA,NA,0.046349458859732955,2770,0.05798773161627492,NA
23,27,3,rangos_edad,7.643438913080324,6,0.2654066386642666,0.2502749725027497,monte_carlo_B=10000,0.037144072397549875,2770,0.3015984530275757,0.27808330278083304
23,27,3,recod_estado_civil,3.8661239687705837,2,0.14470443670884273,NA,NA,0.03735923746685556,2770,0.28560086192534745,NA
23,27,4,SEXO,53.27058096927042,3,1.6053090157716733e-11,NA,NA,0.1386768065236817,2770,2.457105636385214e-11,NA
23,27,4,COD_SALUD_MENTAL,6.208640826064341,3,0.10188904939388549,NA,NA,0.04734328442141104,2770,0.10762927752875227,NA
23,27,4,rangos_edad,16.732205557626774,9,0.05307853478715665,0.038396160383961604,monte_carlo_B=10000,0.04487206785787758,2770,0.06420790498446369,0.044795520447955206
23,27,4,recod_estado_civil,4.070794056482252,3,0.2539204246991678,NA,NA,0.03833537194827207,2770,0.4644885817667704,NA
23,27,5,SEXO,59.07438327896038,4,4.539309078936108e-12,NA,NA,0.1460359276290237,2770,7.56551513156018e-12,NA
23,27,5,COD_SALUD_MENTAL,8.182259367030754,4,0.08512538976150702,NA,NA,0.054349648094771906,2770,0.09252759756685545,NA
23,27,5,rangos_edad,18.26838798963661,12,0.10778102701184648,0.06919308069193081,monte_carlo_B=10000,0.04688669291258207,2770,0.12831074644267437,0.07940189587598617
23,27,5,recod_estado_civil,4.298503396779229,4,0.36711253985075876,NA,NA,0.03939297247512194,2770,0.5967895532077183,NA
23,27,6,SEXO,83.6591702585417,5,1.4378371755682006e-16,NA,NA,0.17378684219275387,2770,2.995494115767085e-16,NA
23,27,6,COD_SALUD_MENTAL,14.161664857201643,5,0.014614462892974286,NA,NA,0.07150184884939312,2770,0.018898012361604682,NA
23,27,6,rangos_edad,25.36912518636407,15,0.04520046455379756,0.0168983101689831,monte_carlo_B=10000,0.055252538246810805,2770,0.05650058069224695,0.021506940215069402
23,27,6,recod_estado_civil,4.367518015173508,5,0.4978022534047441,NA,NA,0.039707950150023985,2770,0.6377341611844748,NA
