pearson_signed,pearson_abs,sign_agreement,jaccard_pos,jaccard_neg,start_val,end_val,k,pair
0.5232890149532312,0.5211585784304352,0.867109634551495,0.18181818181818182,0.011764705882352941,9,13,2,c1-c2
0.6472305843943177,0.6408106794384553,0.937984496124031,0.4857142857142857,0.09523809523809523,9,13,3,c1-c2
0.559565589169205,0.557349464759041,0.9457364341085271,0.2962962962962963,0.03225806451612903,9,13,3,c1-c3
0.4504163086399344,0.44889246951219886,0.9612403100775194,0.2962962962962963,0,9,13,3,c2-c3
0.27164681835901877,0.2674450639698398,0.9590254706533776,0.2962962962962963,0,9,13,4,c1-c2
0.29070317270139223,0.28562495513475805,0.9623477297895903,0.23809523809523808,0,9,13,4,c1-c3
0.4041065262302605,0.4026901769861348,0.9867109634551495,0.38461538461538464,0,9,13,4,c1-c4
0.5858579397291985,0.5801310487229652,0.9479512735326688,0.43333333333333335,0,9,13,4,c2-c3
0.4504163086399344,0.44889246951219886,0.9612403100775194,0.2962962962962963,0,9,13,4,c2-c4
0.54014699757305,0.5378612551492229,0.973421926910299,0.4444444444444444,0.06666666666666667,9,13,4,c3-c4
0.11484219511229529,0.10870418263736815,0.9745293466223699,0.29411764705882354,0,9,13,5,c1-c2
0.29070317270139223,0.28562495513475805,0.9623477297895903,0.23809523809523808,0,9,13,5,c1-c3
0.41074068191294366,0.4065770338019695,0.9745293466223699,0.4375,0,9,13,5,c1-c4
0.4041065262302605,0.4026901769861348,0.9867109634551495,0.38461538461538464,0,9,13,5,c1-c5
0.4560598939247504,0.4494318752451056,0.9612403100775194,0.36363636363636365,0.045454545454545456,9,13,5,c2-c3
0.4392398841131479,0.43270186878151556,0.9667774086378738,0.35,0.05555555555555555,9,13,5,c2-c4
0.2657825841094068,0.261207084150112,0.9767441860465116,0.29411764705882354,0,9,13,5,c2-c5
0.6634260661923703,0.6588127458640105,0.9634551495016611,0.47619047619047616,0.08333333333333333,9,13,5,c3-c4
0.54014699757305,0.5378612551492229,0.973421926910299,0.4444444444444444,0.06666666666666667,9,13,5,c3-c5
0.6873322949064196,0.6856250481465066,0.9811738648947951,0.5333333333333333,0.09090909090909091,9,13,5,c4-c5
0.11484219511229529,0.10870418263736815,0.9745293466223699,0.29411764705882354,0,9,13,6,c1-c2
0.256677005006101,0.2527505881330254,0.9756367663344407,0.3125,0,9,13,6,c1-c3
0.3451900182954149,0.34214023622913414,0.9856035437430787,0.2,0,9,13,6,c1-c4
0.41074068191294366,0.4065770338019695,0.9745293466223699,0.4375,0,9,13,6,c1-c5
0.4041065262302605,0.4026901769861348,0.9867109634551495,0.38461538461538464,0,9,13,6,c1-c6
0.35376632874087094,0.3474343775933593,0.9700996677740864,0.3888888888888889,0,9,13,6,c2-c3
0.07395206040290239,0.0681788486536862,0.973421926910299,0.06666666666666667,0,9,13,6,c2-c4
0.4392398841131479,0.43270186878151556,0.9667774086378738,0.35,0.05555555555555555,9,13,6,c2-c5
0.2657825841094068,0.261207084150112,0.9767441860465116,0.29411764705882354,0,9,13,6,c2-c6
0.3397051907670539,0.3357897937434708,0.9767441860465116,0.15384615384615385,0,9,13,6,c3-c4
0.5946530105506095,0.5903387757330794,0.9723145071982281,0.5294117647058824,0.05555555555555555,9,13,6,c3-c5
0.45358746139547407,0.45157986304799264,0.9844961240310077,0.5,0.125,9,13,6,c3-c6
0.40288885520600576,0.3991770674385323,0.97120708748615725,0.13333333333333333,0,9,13,6,c4-c5
0.5122270665469223,0.5095172529050029,0.9878183831672204,0.2,0,9,13,6,c4-c6
0.6873322949064196,0.6856250481465066,0.9811738648947951,0.5333333333333333,0.09090909090909091,9,13,6,c5-c6
0.42360452491070755,0.41723894582640436,0.8438538205980066,0.19607843137254902,0.009900990099009901,10,14,2,c1-c2
0.5312071460953797,0.5226710316845972,0.9246954595791805,0.34210526315789475,0.06521739130434782,10,14,3,c1-c2
0.4597622423630393,0.45717566806094856,0.9490586932447398,0.26666666666666666,0.04,10,14,3,c1-c3
0.3287658670496969,0.3237720552071792,0.9512735326688815,0.32142857142857145,0,10,14,3,c2-c3
0.5357076307883786,0.5312711486962618,0.9523809523809523,0.39285714285714285,0.037037037037037035,10,14,4,c1-c2
0.43601891514705116,0.43194640858995687,0.9667774086378738,0.45454545454545453,0,10,14,4,c1-c3
0.3207716452647135,0.3191961719430307,0.9811738648947951,0.3684210526315789,0,10,14,4,c1-c4
0.5595176320672984,0.5530092257300013,0.9390919158361019,0.3870967741935484,0.02702702702702703,10,14,4,c2-c3
0.3287658670496969,0.3237720552071792,0.9512735326688815,0.32142857142857145,0,10,14,4,c2-c4
0.3561440950132065,0.35299164774026626,0.9678848283499446,0.30434782608695654,0.07142857142857142,10,14,4,c3-c4
0.5357076307883786,0.5312711486962618,0.9523809523809523,0.39285714285714285,0.037037037037037035,10,14,5,c1-c2
0.37153811815893656,0.36803828704605956,0.9745293466223699,0.42105263157894735,0.07692307692307693,10,14,5,c1-c3
0.17414926039989065,0.17159970399881136,0.9745293466223699,0.10526315789473684,0,10,14,5,c1-c4
0.3207716452647135,0.3191961719430307,0.9811738648947951,0.3684210526315789,0,10,14,5,c1-c5
0.3866240115989505,0.37973494312503764,0.9446290143964563,0.3103448275862069,0.0625,10,14,5,c2-c3
0.5477355244752796,0.546007900551163,0.9446290143964563,0.14285714285714285,0,10,14,5,c2-c4
0.3287658670496969,0.3237720552071792,0.9512735326688815,0.32142857142857145,0,10,14,5,c2-c5
0.31622135098375576,0.3136328143698985,0.97120708748615725,0.17647058823529413,0,10,14,5,c3-c4
0.3693915374973342,0.367041784523139,0.9756367663344407,0.3157894736842105,0.1,10,14,5,c3-c5
0.3522836817262794,0.3509731595306522,0.982281284606866,0.1875,0,10,14,5,c4-c5
0.5693877716376462,0.56534062833167,0.9612403100775194,0.4090909090909091,0,10,14,6,c1-c2
0.37153811815893656,0.36803828704605956,0.9745293466223699,0.42105263157894735,0.07692307692307693,10,14,6,c1-c3
0.17414926039989065,0.17159970399881136,0.9745293466223699,0.10526315789473684,0,10,14,6,c1-c4
0.46520202897340834,0.4630565884567419,0.9811738648947951,0.5263157894736842,0,10,14,6,c1-c5
0.3207716452647135,0.3191961719430307,0.9811738648947951,0.3684210526315789,0,10,14,6,c1-c6
0.4190574523606009,0.41271950823596965,0.9601328903654485,0.30434782608695654,0.16666666666666666,10,14,6,c2-c3
0.29299595895604486,0.28858683479954184,0.9579180509413068,0.14285714285714285,0,10,14,6,c2-c4
0.49369833397289964,0.48898966703850344,0.9601328903654485,0.391304347826087,0,10,14,6,c2-c5
0.4223653529961971,0.41830917752761493,0.9689922480620154,0.45,0.05555555555555555,10,14,6,c2-c6
0.31622135098375576,0.3136328143698985,0.97120708748615725,0.17647058823529413,0,10,14,6,c3-c4
0.45362595010540285,0.45068128136327595,0.9756367663344407,0.5555555555555556,0,10,14,6,c3-c5
0.3693915374973342,0.367041784523139,0.9756367663344407,0.3157894736842105,0.1,10,14,6,c3-c6
0.6581924707225556,0.6572251393980231,0.9778516057585825,0.2222222222222222,0,10,14,6,c4-c5
0.3522836817262794,0.3509731595306522,0.982281284606866,0.1875,0,10,14,6,c4-c6
0.32382586011261927,0.32236133261439104,0.982281284606866,0.42105263157894735,0,10,14,6,c5-c6
0.6898861738411285,0.6879527766456321,0.8383167220376523,0.2830188679245283,0.01818181818181818,11,15,2,c1-c2
0.6121999759734297,0.6109967062080087,0.9036544850498339,0.2608695652173913,0.07017543859649122,11,15,3,c1-c2
0.7109164393785959,0.7099687059264059,0.9047619047619048,0.3191489361702128,0.03571428571428571,11,15,3,c1-c3
0.714586075012064,0.7139329372991806,0.9833887043189369,0.5555555555555556,0,11,15,3,c2-c3
0.5174989735573671,0.5148644962546053,0.9413067552602437,0.3333333333333333,0,11,15,4,c1-c2
0.6360957048432119,0.6338922200122068,0.9512735326688815,0.4666666666666667,0.034482758620689655,11,15,4,c1-c3
0.6553484365962426,0.6510661546705285,0.9424141749723145,0.5428571428571428,0.02702702702702703,11,15,4,c1-c4
0.714586075012064,0.7139329372991806,0.9833887043189369,0.5555555555555556,0,11,15,4,c2-c3
0.7292792467229302,0.7284647489517858,0.9656699889258029,0.4074074074074074,0,11,15,4,c2-c4
0.7576245837692279,0.7566733193971081,0.973421926910299,0.5,0.09090909090909091,11,15,4,c3-c4
0.5890028828291951,0.5865215040604038,0.9446290143964563,0.37037037037037035,0,11,15,5,c1-c2
0.6185026632287967,0.6184692754149023,0.946843853820598,0.23076923076923078,0,11,15,5,c1-c3
0.5981320847095835,0.5948007828871933,0.9523809523809523,0.4642857142857143,0.034482758620689655,11,15,5,c1-c4
0.5792999783401342,0.5732665580514903,0.9435215946843853,0.5454545454545454,0.02702702702702703,11,15,5,c1-c5
0.48025818699771106,0.4798708645874,0.982281284606866,0.26666666666666666,0,11,15,5,c2-c3
0.714586075012064,0.7139329372991806,0.9833887043189369,0.5555555555555556,0,11,15,5,c2-c4
0.7292792467229302,0.7284647489517858,0.9656699889258029,0.4074074074074074,0,11,15,5,c2-c5
0.5339012391692504,0.5338274783277159,0.9833887043189369,0.2777777777777778,0,11,15,5,c3-c4
0.4854091882239148,0.4848151954135705,0.9656699889258029,0.2222222222222222,0,11,15,5,c3-c5
0.7576245837692279,0.7566733193971081,0.973421926910299,0.5,0.09090909090909091,11,15,5,c4-c5
0.5020174721413827,0.49485107764718894,0.9523809523809523,0.35,0,11,15,6,c1-c2
0.5807556933698045,0.5740059056229212,0.9501661129568106,0.3181818181818182,0,11,15,6,c1-c3
0.7413522311045876,0.7399084912606521,0.9590254706533776,0.29411764705882354,0,11,15,6,c1-c4
0.5359930620869199,0.5268992913876844,0.9579180509413068,0.4090909090909091,0.038461538461538464,11,15,6,c1-c5
0.5578111255903081,0.5468818667459274,0.946843853820598,0.36666666666666664,0.09375,11,15,6,c1-c6
0.6614986159705252,0.6603931279428545,0.9756367663344407,0.3684210526315789,0,11,15,6,c2-c3
0.48025818699771106,0.4798708645874,0.982281284606866,0.26666666666666666,0,11,15,6,c2-c4
0.714586075012064,0.7139329372991806,0.9833887043189369,0.5555555555555556,0,11,15,6,c2-c5
0.7292792467229302,0.7284647489517858,0.9656699889258029,0.4074074074074074,0,11,15,6,c2-c6
0.6432396011509237,0.6429255787169983,0.982281284606866,0.3125,0,11,15,6,c3-c4
0.5923702305103702,0.5909502656741374,0.9811738648947951,0.5,0,11,15,6,c3-c5
0.587084935800177,0.5846506051802284,0.9612403100775194,0.3333333333333333,0,11,15,6,c3-c6
0.5339012391692504,0.5338274783277159,0.9833887043189369,0.2777777777777778,0,11,15,6,c4-c5
0.4854091882239148,0.4848151954135705,0.9656699889258029,0.2222222222222222,0,11,15,6,c4-c6
0.7576245837692279,0.7566733193971081,0.973421926910299,0.5,0.09090909090909091,11,15,6,c5-c6
0.5763992728963436,0.5690619776122231,0.8283499446290143,0.3076923076923077,0.048,12,16,2,c1-c2
0.6591225943158827,0.654385827929593,0.9102990033222591,0.26666666666666666,0.14035087719298245,12,16,3,c1-c2
0.6071118153463191,0.6042742029634176,0.9224806201550387,0.36363636363636365,0.08695652173913043,12,16,3,c1-c3
0.5790411561789037,0.574852340318357,0.9579180509413068,0.4090909090909091,0.038461538461538464,12,16,3,c2-c3
0.699200087581873,0.6943668189373096,0.9280177187153932,0.4358974358974359,0.0851063829787234,12,16,4,c1-c2
0.6552691801110709,0.6496389705484131,0.9280177187153932,0.3142857142857143,0.1276595744680851,12,16,4,c1-c3
0.5836664042200159,0.5800754727710675,0.9479512735326688,0.48484848484848486,0.11764705882352941,12,16,4,c1-c4
0.5432925504573083,0.5398962242503393,0.9457364341085271,0.4074074074074074,0.08108108108108109,12,16,4,c2-c3
0.4535972028376395,0.449701436472992,0.9623477297895903,0.5185185185185185,0.08695652173913043,12,16,4,c2-c4
0.5790411561789037,0.574852340318357,0.9579180509413068,0.4090909090909091,0.038461538461538464,12,16,4,c3-c4
0.44903078546838143,0.49224416741037863,0.9534883720930233,0.21428571428571427,0,12,16,5,c1-c2
0.7862719583718323,0.8336415679670769,0.9601328903654485,0.2631578947368421,0,12,16,5,c1-c3
0.5943203360635605,0.6337295129729121,0.9700996677740864,0.2857142857142857,0,12,16,5,c1-c4
0.4833265716649395,0.5156961651517782,0.973421926910299,0.22727272727272727,0,12,16,5,c1-c5
0.5432925504573083,0.5398962242503393,0.9457364341085271,0.4074074074074074,0.08108108108108109,12,16,5,c2-c3
0.7155100359017382,0.7126558628497506,0.9523809523809523,0.4642857142857143,0.034482758620689655,12,16,5,c2-c4
0.4535972028376395,0.449701436472992,0.9623477297895903,0.5185185185185185,0.08695652173913043,12,16,5,c2-c5
0.6354326352428753,0.6313561027217388,0.9568106312292359,0.4090909090909091,0.10344827586206896,12,16,5,c3-c4
0.5790411561789037,0.574852340318357,0.9579180509413068,0.4090909090909091,0.038461538461538464,12,16,5,c3-c5
0.43337324619568385,0.4297240381310463,0.9723145071982281,0.4782608695652174,0.13333333333333333,12,16,5,c4-c5
0.44903078546838143,0.49224416741037863,0.9534883720930233,0.21428571428571427,0,12,16,6,c1-c2
0.7862719583718323,0.8336415679670769,0.9601328903654485,0.2631578947368421,0,12,16,6,c1-c3
0.7568770845946473,0.782410473271635,0.9811738648947951,0.3333333333333333,0,12,16,6,c1-c4
0.4507629459766489,0.5139391446287475,0.9789590254706534,0.2857142857142857,0,12,16,6,c1-c5
0.4833265716649395,0.5156961651517782,0.973421926910299,0.22727272727272727,0,12,16,6,c1-c6
0.5432925504573083,0.5398962242503393,0.9457364341085271,0.4074074074074074,0.08108108108108109,12,16,6,c2-c3
0.4515047481339254,0.44690822020523474,0.9523809523809523,0.3076923076923077,0,12,16,6,c2-c4
0.3236994092184713,0.31622133708251465,0.9501661129568106,0.23076923076923078,0.038461538461538464,12,16,6,c2-c5
0.4535972028376395,0.449701436472992,0.9623477297895903,0.5185185185185185,0.08695652173913043,12,16,6,c2-c6
0.6947811774465531,0.6922251726344927,0.9568106312292359,0.3333333333333333,0,12,16,6,c3-c4
0.5401828555310272,0.535456830794689,0.9590254706533776,0.375,0.03571428571428571,12,16,6,c3-c5
0.5790411561789037,0.574852340318357,0.9579180509413068,0.4090909090909091,0.038461538461538464,12,16,6,c3-c6
0.5055085812284346,0.5015860539857858,0.9756367663344407,0.38461538461538464,0,12,16,6,c4-c5
0.5134404239658833,0.5105761849288766,0.9723145071982281,0.35,0,12,16,6,c4-c6
0.2692963294290562,0.2632193049017963,0.9700996677740864,0.25,0.07692307692307693,12,16,6,c5-c6
0.6421115321974133,0.6349008305644616,0.8538205980066446,0.38181818181818183,0.09259259259259259,13,17,2,c1-c2
0.7769478576919717,0.7739029698412085,0.9413067552602437,0.5384615384615384,0.14634146341463414,13,17,3,c1-c2
0.6656435445950185,0.6627488735224517,0.9479512735326688,0.5,0.125,13,17,3,c1-c3
0.6168517180111533,0.6135863711109928,0.9623477297895903,0.6896551724137931,0.10714285714285714,13,17,3,c2-c3
0.564447397433676,0.5630871000887385,0.9534883720930233,0.2962962962962963,0,13,17,4,c1-c2
0.47733054013358495,0.475533354271064,0.9523809523809523,0.23333333333333334,0.047619047619047616,13,17,4,c1-c3
0.5338252977701203,0.5327506716183118,0.9678848283499446,0.25925925925925924,0.1,13,17,4,c1-c4
0.7350787226208042,0.731543945660127,0.9501661129568106,0.6129032258064516,0.13157894736842105,13,17,4,c2-c3
0.5731923616430685,0.5691265578198287,0.9568106312292359,0.5161290322580645,0.14285714285714285,13,17,4,c2-c4
0.6168517180111533,0.6135863711109928,0.9623477297895903,0.6896551724137931,0.10714285714285714,13,17,4,c3-c4
0.28784903488670704,0.2827030671850675,0.9745293466223699,0.2222222222222222,0,13,17,5,c1-c2
0.47733054013358495,0.475533354271064,0.9523809523809523,0.23333333333333334,0.047619047619047616,13,17,5,c1-c3
0.536665666517773,0.5351797350323759,0.964562569213732,0.2692307692307692,0,13,17,5,c1-c4
0.5338252977701203,0.5327506716183118,0.9678848283499446,0.25925925925925924,0.1,13,17,5,c1-c5
0.5191291954673813,0.5117795450923326,0.9490586932447398,0.32142857142857145,0.03571428571428571,13,17,5,c2-c3
0.6108240824197358,0.6051266087422411,0.9634551495016611,0.375,0.05263157894736842,13,17,5,c2-c4
0.30141549382470756,0.29277003718027644,0.9601328903654485,0.25925925925925924,0.058823529411764705,13,17,5,c2-c5
0.7796798812373462,0.7772310699064735,0.9568106312292359,0.6551724137931034,0.06451612903225806,13,17,5,c3-c4
0.6168517180111533,0.6135863711109928,0.9623477297895903,0.6896551724137931,0.10714285714285714,13,17,5,c3-c5
0.5880615962340019,0.5847318131919795,0.9612403100775194,0.5,0.047619047619047616,13,17,5,c4-c5
0.28784903488670704,0.2827030671850675,0.9745293466223699,0.2222222222222222,0,13,17,6,c1-c2
0.3539686269152496,0.35160500493747604,0.9778516057585825,0.2777777777777778,0,13,17,6,c1-c3
0.44620472184092264,0.4443726410298132,0.9623477297895903,0.2692307692307692,0,13,17,6,c1-c4
0.536665666517773,0.5351797350323759,0.964562569213732,0.2692307692307692,0,13,17,6,c1-c5
0.5338252977701203,0.5327506716183118,0.9678848283499446,0.25925925925925924,0.1,13,17,6,c1-c6
0.11329320078006852,0.10483229422750964,0.9656699889258029,0.15,0,13,17,6,c2-c3
0.5115816589623843,0.5049107122437467,0.9568106312292359,0.2692307692307692,0.047619047619047616,13,17,6,c2-c4
0.6108240824197358,0.6051266087422411,0.9634551495016611,0.375,0.05263157894736842,13,17,6,c2-c5
0.30141549382470756,0.29277003718027644,0.9601328903654485,0.25925925925925924,0.058823529411764705,13,17,6,c2-c6
0.35191943300893574,0.3510781012690494,0.9590254706533776,0.25925925925925924,0.05263157894736842,13,17,6,c3-c4
0.40375229397453233,0.3989964565909946,0.9623477297895903,0.36,0,13,17,6,c3-c5
0.5512643265173606,0.5481165089884926,0.9634551495016611,0.34615384615384615,0,13,17,6,c3-c6
0.7615471286722195,0.7592937897922184,0.9601328903654485,0.5714285714285714,0.04,13,17,6,c4-c5
0.5777135521399334,0.5746627504532796,0.9634551495016611,0.5517241379310345,0.09090909090909091,13,17,6,c4-c6
0.5880615962340019,0.5847318131919795,0.9612403100775194,0.5,0.047619047619047616,13,17,6,c5-c6
0.6232344516904212,0.6123869330443271,0.8648947951273532,0.41818181818181815,0.13333333333333333,14,18,2,c1-c2
0.8294299357234931,0.8279193389498842,0.9302325581395349,0.5909090909090909,0.11764705882352941,14,18,3,c1-c2
0.5741825349466301,0.5708098019670629,0.9568106312292359,0.5714285714285714,0.1111111111111111,14,18,3,c1-c3
0.6236645530322938,0.6174624385349762,0.9136212624584718,0.39215686274509803,0.14545454545454545,14,18,3,c2-c3
0.6946733292225741,0.6907766226986871,0.9523809523809523,0.5757575757575758,0.12121212121212122,14,18,4,c1-c2
0.7287268538182639,0.7281902152467019,0.964562569213732,0.35714285714285715,0,14,18,4,c1-c3
0.5741825349466301,0.5708098019670629,0.9568106312292359,0.5714285714285714,0.1111111111111111,14,18,4,c1-c4
0.5196591827045107,0.5173025327317023,0.9501661129568106,0.3333333333333333,0,14,18,4,c2-c3
0.5661853922809476,0.5601529129871038,0.9424141749723145,0.5142857142857142,0.10256410256410256,14,18,4,c2-c4
0.5898068826818463,0.588616470599136,0.9590254706533776,0.3448275862068966,0.05263157894736842,14,18,4,c3-c4
0.6788566400519619,0.6749459036602333,0.9590254706533776,0.5172413793103449,0.17857142857142858,14,18,5,c1-c2
0.7287268538182639,0.7281902152467019,0.964562569213732,0.35714285714285715,0,14,18,5,c1-c3
0.5741825349466301,0.5708098019670629,0.9568106312292359,0.5714285714285714,0.1111111111111111,14,18,5,c1-c4
0.6959307678663983,0.6931497723672158,0.9568106312292359,0.4666666666666667,0,14,18,5,c1-c5
0.5460187417822838,0.5437232724375662,0.9634551495016611,0.4,0.045454545454545456,14,18,5,c2-c3
0.5407851494445822,0.535041216864601,0.9490586932447398,0.5,0.11428571428571428,14,18,5,c2-c4
0.5046804483549349,0.4993242322407961,0.9490586932447398,0.4166666666666667,0,14,18,5,c2-c5
0.5898068826818463,0.588616470599136,0.9590254706533776,0.3448275862068966,0.05263157894736842,14,18,5,c3-c4
0.5067500650034765,0.5046197397429351,0.9700996677740864,0.3333333333333333,0,14,18,5,c3-c5
0.39339359813338337,0.3878488540928918,0.9446290143964563,0.36363636363636365,0,14,18,5,c4-c5
0.6788566400519619,0.6749459036602333,0.9590254706533776,0.5172413793103449,0.17857142857142858,14,18,6,c1-c2
0.7287268538182639,0.7281902152467019,0.964562569213732,0.35714285714285715,0,14,18,6,c1-c3
0.5262272396291124,0.5238490302999724,0.9579180509413068,0.375,0.05263157894736842,14,18,6,c1-c4
0.5795035786803745,0.5772614907506819,0.9689922480620154,0.5625,0.06666666666666667,14,18,6,c1-c5
0.6959307678663983,0.6931497723672158,0.9568106312292359,0.4666666666666667,0,14,18,6,c1-c6
0.5460187417822838,0.5437232724375662,0.9634551495016611,0.4,0.045454545454545456,14,18,6,c2-c3
0.43232240055446325,0.4275513527882605,0.9523809523809523,0.36,0.03571428571428571,14,18,6,c2-c4
0.5261799543958887,0.5212420285604676,0.9612403100775194,0.48148148148148145,0.08695652173913043,14,18,6,c2-c5
0.5046804483549349,0.4993242322407961,0.9490586932447398,0.4166666666666667,0,14,18,6,c2-c6
0.5468072333678325,0.5456507214436324,0.9800664451827242,0.4,0.25,14,18,6,c3-c4
0.5736665076578159,0.5726195654703577,0.9778516057585825,0.4166666666666667,0,14,18,6,c3-c5
0.5067500650034765,0.5046197397429351,0.9700996677740864,0.3333333333333333,0,14,18,6,c3-c6
0.7728505035632951,0.7719397197607175,0.97120708748615725,0.48148148148148145,0,14,18,6,c4-c5
0.4251130234177645,0.4247233530286402,0.9601328903654485,0.3076923076923077,0,14,18,6,c4-c6
0.38809331928291707,0.3836066423678685,0.9656699889258029,0.42857142857142855,0,14,18,6,c5-c6
0.5991155301926046,0.5830314172822355,0.8593576965669989,0.49056603773584906,0.13793103448275862,15,19,2,c1-c2
0.6612914427187981,0.657928075180728,0.920265780730897,0.3902439024390244,0.06,15,19,3,c1-c2
0.6313392495579646,0.6246911217140461,0.9213732004429679,0.52,0.17543859649122806,15,19,3,c1-c3
0.4826613208863133,0.47803374451663305,0.9368770764119602,0.39473684210526316,0.08108108108108109,15,19,3,c2-c3
0.5685391598360826,0.5646405188034923,0.964562569213732,0.4166666666666667,0.05263157894736842,15,19,4,c1-c2
0.582575005740095,0.577614498635745,0.9346622369878184,0.2926829268292683,0.0625,15,19,4,c1-c3
0.7051655196388698,0.7017019016997729,0.9568106312292359,0.5,0.038461538461538464,15,19,4,c1-c4
0.4826613208863133,0.47803374451663305,0.9368770764119602,0.39473684210526316,0.08108108108108109,15,19,4,c2-c3
0.7336582070929454,0.7311549704959723,0.9568106312292359,0.5555555555555556,0.1,15,19,4,c2-c4
0.6162826549843275,0.6109123951531766,0.9424141749723145,0.4878048780487805,0.20512820512820512,15,19,4,c3-c4
0.5685391598360826,0.5646405188034923,0.964562569213732,0.4166666666666667,0.05263157894736842,15,19,5,c1-c2
0.5591515054598708,0.5552413276860951,0.9634551495016611,0.4074074074074074,0.05555555555555555,15,19,5,c1-c3
0.7051655196388698,0.7017019016997729,0.9568106312292359,0.5,0.038461538461538464,15,19,5,c1-c4
0.6038314144431278,0.6000483545483071,0.97120708748615725,0.4444444444444444,0.08333333333333333,15,19,5,c1-c5
0.4663012197333446,0.4628522547808784,0.9678848283499446,0.52,0.19047619047619047,15,19,5,c2-c3
0.7336582070929454,0.7311549704959723,0.9568106312292359,0.5555555555555556,0.1,15,19,5,c2-c4
0.4509605202715975,0.4471364559700705,0.9667774086378738,0.5,0.05555555555555555,15,19,5,c2-c5
0.5733065501643078,0.5692783152919878,0.9512735326688815,0.4838709677419355,0.06666666666666667,15,19,5,c3-c4
0.8056129425133408,0.8044518028278717,0.9678848283499446,0.5925925925925926,0,15,19,5,c3-c5
0.6053588327310729,0.6013136272513034,0.9568106312292359,0.5161290322580645,0.04,15,19,5,c4-c5
0.5685391598360826,0.5646405188034923,0.964562569213732,0.4166666666666667,0.05263157894736842,15,19,6,c1-c2
0.5591515054598708,0.5552413276860951,0.9634551495016611,0.4074074074074074,0.05555555555555555,15,19,6,c1-c3
0.6643764778890308,0.6606557034760725,0.9612403100775194,0.46153846153846156,0,15,19,6,c1-c4
0.6038314144431278,0.6000483545483071,0.97120708748615725,0.4444444444444444,0.08333333333333333,15,19,6,c1-c5
0.5612096362939494,0.5586100685280441,0.9700996677740864,0.3181818181818182,0,15,19,6,c1-c6
0.4663012197333446,0.4628522547808784,0.9678848283499446,0.52,0.19047619047619047,15,19,6,c2-c3
0.744105484239367,0.7417151634570626,0.9612403100775194,0.52,0.08,15,19,6,c2-c4
0.4509605202715975,0.4471364559700705,0.9667774086378738,0.5,0.05555555555555555,15,19,6,c2-c5
0.7361491873905768,0.7349684668621661,0.9678848283499446,0.38095238095238093,0.058823529411764705,15,19,6,c2-c6
0.5385025664449089,0.5343035765466723,0.955703211517165,0.5,0,15,19,6,c3-c4
0.8056129425133408,0.8044518028278717,0.9678848283499446,0.5925925925925926,0,15,19,6,c3-c5
0.41707753352389376,0.41441119014570654,0.964562569213732,0.32,0.0625,15,19,6,c3-c6
0.5600900675262458,0.5557758625488732,0.9612403100775194,0.4827586206896552,0,15,19,6,c4-c5
0.49156692651337874,0.4884261870090233,0.9623477297895903,0.375,0,15,19,6,c4-c6
0.41765649592293486,0.41482527841367134,0.9700996677740864,0.36,0,15,19,6,c5-c6
0.6175917795799515,0.6056475023857124,0.902547065337763,0.5555555555555556,0.20987654320987653,16,20,2,c1-c2
0.8757102301277496,0.8741449850558659,0.9302325581395349,0.6216216216216216,0.057692307692307696,16,20,3,c1-c2
0.6170727183257559,0.6063673604578369,0.9036544850498339,0.49019607843137253,0.11594202898550725,16,20,3,c1-c3
0.604014159654708,0.5991187551840803,0.9335548172757475,0.5348837209302325,0.13043478260869565,16,20,3,c2-c3
0.7388087962563039,0.7379319700947657,0.9656699889258029,0.46153846153846156,0,16,20,4,c1-c2
0.5393860063810457,0.5370545504565704,0.9235880398671097,0.2558139534883721,0.02631578947368421,16,20,4,c1-c3
0.7182233320811592,0.7170874531816147,0.9667774086378738,0.4,0.11764705882352941,16,20,4,c1-c4
0.604014159654708,0.5991187551840803,0.9335548172757475,0.5348837209302325,0.13043478260869565,16,20,4,c2-c3
0.8333504226486999,0.8309561476726228,0.9590254706533776,0.6206896551724138,0.10344827586206896,16,20,4,c2-c4
0.6180872346000273,0.6108878665564522,0.9235880398671097,0.46511627906976744,0.08,16,20,4,c3-c4
0.7388087962563039,0.7379319700947657,0.9656699889258029,0.46153846153846156,0,16,20,5,c1-c2
0.43717185974513756,0.4347714878942554,0.9634551495016611,0.3,0.07692307692307693,16,20,5,c1-c3
0.7182233320811592,0.7170874531816147,0.9667774086378738,0.4,0.11764705882352941,16,20,5,c1-c4
0.6041710267910186,0.6025585839453639,0.9678848283499446,0.375,0,16,20,5,c1-c5
0.5458764586822366,0.5424607854349761,0.9579180509413068,0.5454545454545454,0.08,16,20,5,c2-c3
0.8333504226486999,0.8309561476726228,0.9590254706533776,0.6206896551724138,0.10344827586206896,16,20,5,c2-c4
0.6023469947218165,0.5994029446411582,0.955703211517165,0.5517241379310345,0,16,20,5,c2-c5
0.5460242370429954,0.540346569396605,0.9545957918050941,0.45454545454545453,0.11538461538461539,16,20,5,c3-c4
0.7970995985032256,0.7956899093753108,0.9601328903654485,0.5333333333333333,0.043478260869565216,16,20,5,c3-c5
0.6485056949991455,0.6445455592174439,0.9545957918050941,0.5555555555555556,0,16,20,5,c4-c5
0.7388087962563039,0.7379319700947657,0.9656699889258029,0.46153846153846156,0,16,20,6,c1-c2
0.4513417616413522,0.4487915678740825,0.9700996677740864,0.3181818181818182,0,16,20,6,c1-c3
0.5402376274943715,0.5370009960001545,0.9789590254706534,0.35294117647058826,0.1111111111111111,16,20,6,c1-c4
0.7182233320811592,0.7170874531816147,0.9667774086378738,0.4,0.11764705882352941,16,20,6,c1-c5
0.6041710267910186,0.6025585839453639,0.9678848283499446,0.375,0,16,20,6,c1-c6
0.3997624875795723,0.39521800154514053,0.9490586932447398,0.3225806451612903,0,16,20,6,c2-c3
0.6817139945619284,0.6775229425126889,0.9601328903654485,0.4,0.045454545454545456,16,20,6,c2-c4
0.8333504226486999,0.8309561476726228,0.9590254706533776,0.6206896551724138,0.10344827586206896,16,20,6,c2-c5
0.6023469947218165,0.5994029446411582,0.955703211517165,0.5517241379310345,0,16,20,6,c2-c6
0.31453001654599066,0.3084742010775983,0.9623477297895903,0.23809523809523808,0,16,20,6,c3-c4
0.43853622030539224,0.4328508675556839,0.9501661129568106,0.35714285714285715,0,16,20,6,c3-c5
0.6086264216589269,0.6058915064268,0.9601328903654485,0.44,0,16,20,6,c3-c6
0.6387397627693869,0.6340698099879571,0.9590254706533776,0.3333333333333333,0.08695652173913043,16,20,6,c4-c5
0.5337338999449656,0.5287963021190496,0.964562569213732,0.36363636363636365,0.05263157894736842,16,20,6,c4-c6
0.6485056949991455,0.6445455592174439,0.9545957918050941,0.5555555555555556,0,16,20,6,c5-c6
0.5896335727470522,0.5819276928825835,0.9246954595791805,0.5918367346938775,0.1724137931034483,17,21,2,c1-c2
0.5852075348269663,0.576086331729315,0.9246954595791805,0.5833333333333334,0.21311475409836064,17,21,3,c1-c2
0.41379817223920895,0.40778027904415926,0.9258028792912514,0.2727272727272727,0,17,21,3,c1-c3
0.5716065953873991,0.5667800725809995,0.9125138427464009,0.28205128205128205,0,17,21,3,c2-c3
0.5293876964756838,0.5230217813399743,0.929125138427464,0.5,0.1346153846153846,17,21,4,c1-c2
0.8032580242557142,0.80165727616815885,0.9501661129568106,0.5,0.06666666666666667,17,21,4,c1-c3
0.407461254725336,0.4028410168030891,0.9545957918050941,0.27586206896551724,0,17,21,4,c1-c4
0.5737939995217963,0.5662034047022177,0.9058693244739756,0.4222222222222222,0.03278688524590164,17,21,4,c2-c3
0.5716065953873991,0.5667800725809995,0.9125138427464009,0.28205128205128205,0,17,21,4,c2-c4
0.39619572184646346,0.39072127410369784,0.9490586932447398,0.29411764705882354,0.043478260869565216,17,21,4,c3-c4
0.5027510969275463,0.4988144170038952,0.9568106312292359,0.5,0,17,21,5,c1-c2
0.8032580242557142,0.80165727616815885,0.9501661129568106,0.5,0.06666666666666667,17,21,5,c1-c3
0.5545376668228916,0.5496848370251091,0.9590254706533776,0.4666666666666667,0.16,17,21,5,c1-c4
0.407461254725336,0.4028410168030891,0.9545957918050941,0.27586206896551724,0,17,21,5,c1-c5
0.5483242558009799,0.5441893771389191,0.9490586932447398,0.4857142857142857,0,17,21,5,c2-c3
0.7247723552864225,0.7212563467529094,0.9667774086378738,0.6071428571428571,0.13636363636363635,17,21,5,c2-c4
0.5904517239284368,0.5868481532978959,0.9623477297895903,0.35714285714285715,0,17,21,5,c2-c5
0.6204633568928619,0.6152670170832388,0.9534883720930233,0.59375,0.06451612903225806,17,21,5,c3-c4
0.39619572184646346,0.39072127410369784,0.9490586932447398,0.29411764705882354,0.043478260869565216,17,21,5,c3-c5
0.4800072501963881,0.4745028275383144,0.9534883720930233,0.27586206896551724,0,17,21,5,c4-c5
0.5027510969275463,0.4988144170038952,0.9568106312292359,0.5,0,17,21,6,c1-c2
0.8032580242557142,0.80165727616815885,0.9501661129568106,0.5,0.06666666666666667,17,21,6,c1-c3
0.41665596515736975,0.4098334501216238,0.9634551495016611,0.4,0.05263157894736842,17,21,6,c1-c4
0.407461254725336,0.4028410168030891,0.9545957918050941,0.27586206896551724,0,17,21,6,c1-c5
0.5636159332914789,0.5608076222857459,0.9634551495016611,0.48148148148148145,0,17,21,6,c1-c6
0.5483242558009799,0.5441893771389191,0.9490586932447398,0.4857142857142857,0,17,21,6,c2-c3
0.592741709910978,0.5867517045413346,0.9667774086378738,0.44,0,17,21,6,c2-c4
0.5904517239284368,0.5868481532978959,0.9623477297895903,0.35714285714285715,0,17,21,6,c2-c5
0.7497297499609313,0.7481142488834881,0.9756367663344407,0.5769230769230769,0.15384615384615385,17,21,6,c2-c6
0.5114981489227406,0.5043528063743846,0.9534883720930233,0.3548387096774194,0.043478260869565216,17,21,6,c3-c4
0.39619572184646346,0.39072127410369784,0.9490586932447398,0.29411764705882354,0.043478260869565216,17,21,6,c3-c5
0.6201573647396619,0.6175167638482939,0.9579180509413068,0.46875,0.045454545454545456,17,21,6,c3-c6
0.42463936298973903,0.4186343303960365,0.97120708748615725,0.3333333333333333,0,17,21,6,c4-c5
0.6413901300471302,0.6363454841369539,0.9778516057585825,0.55,0,17,21,6,c4-c6
0.49885660995240644,0.49510788565733155,0.9667774086378738,0.2692307692307692,0,17,21,6,c5-c6
0.5656792022153777,0.5547990882637779,0.9125138427464009,0.5283018867924528,0.21739130434782608,18,22,2,c1-c2
0.5561993152953965,0.5477304248265978,0.9246954595791805,0.5102040816326531,0.21428571428571427,18,22,3,c1-c2
0.41641323790760687,0.40960963211763424,0.9125138427464009,0.3617021276595745,0.0392156862745098,18,22,3,c1-c3
0.7564865429281693,0.7541909008103768,0.9457364341085271,0.47368421052631576,0.06451612903225806,18,22,3,c2-c3
0.48276088823226737,0.4736609826746945,0.9357696566998892,0.5384615384615384,0.13043478260869565,18,22,4,c1-c2
0.8047978412929501,0.8027818397117508,0.9446290143964563,0.5294117647058824,0.05555555555555555,18,22,4,c1-c3
0.37047089080666507,0.36333143291715064,0.9368770764119602,0.35135135135135137,0.05714285714285714,18,22,4,c1-c4
0.5994733828456651,0.595285481466025,0.9424141749723145,0.5263157894736842,0,18,22,4,c2-c3
0.7564865429281693,0.7541909008103768,0.9457364341085271,0.47368421052631576,0.06451612903225806,18,22,4,c2-c4
0.4540344617842649,0.4500258552117669,0.9568106312292359,0.37142857142857144,0.05555555555555555,18,22,4,c3-c4
0.459928649806424,0.45235650011351514,0.9435215946843853,0.59375,0.05,18,22,5,c1-c2
0.4629100674284882,0.4560432728916432,0.9401993355481728,0.3888888888888889,0.08571428571428572,18,22,5,c1-c3
0.8047978412929501,0.8027818397117508,0.9446290143964563,0.5294117647058824,0.05555555555555555,18,22,5,c1-c4
0.37047089080666507,0.36333143291715064,0.9368770764119602,0.35135135135135137,0.05714285714285714,18,22,5,c1-c5
0.8130402264124599,0.8110255303272946,0.9612403100775194,0.5161290322580645,0.09090909090909091,18,22,5,c2-c3
0.5702208157584668,0.5664028114067033,0.9590254706533776,0.53125,0.043478260869565216,18,22,5,c2-c4
0.8007824710426023,0.7989644353074371,0.9579180509413068,0.46875,0.045454545454545456,18,22,5,c2-c5
0.6328970085797468,0.6300840541078436,0.9623477297895903,0.5483870967741935,0,18,22,5,c3-c4
0.7589443097945987,0.7568563070676371,0.9590254706533776,0.4375,0,18,22,5,c3-c5
0.4540344617842649,0.4500258552117669,0.9568106312292359,0.37142857142857144,0.05555555555555555,18,22,5,c4-c5
0.459928649806424,0.45235650011351514,0.9435215946843853,0.59375,0.05,18,22,6,c1-c2
0.4629100674284882,0.4560432728916432,0.9401993355481728,0.3888888888888889,0.08571428571428572,18,22,6,c1-c3
0.7913015609522772,0.7903565549207342,0.9501661129568106,0.4838709677419355,0.06451612903225806,18,22,6,c1-c4
0.37047089080666507,0.36333143291715064,0.9368770764119602,0.35135135135135137,0.05714285714285714,18,22,6,c1-c5
0.5513913141186759,0.5474038301543256,0.937984496124031,0.25,0,18,22,6,c1-c6
0.8130402264124599,0.8110255303272946,0.9612403100775194,0.5161290322580645,0.09090909090909091,18,22,6,c2-c3
0.47959350896374514,0.476349548645378,0.9623477297895903,0.4827586206896552,0,18,22,6,c2-c4
0.8007824710426023,0.7989644353074371,0.9579180509413068,0.46875,0.045454545454545456,18,22,6,c2-c5
0.3185585712687414,0.31239119950155364,0.9568106312292359,0.28,0,18,22,6,c2-c6
0.5557010853070041,0.5533864072584439,0.9700996677740864,0.5555555555555556,0,18,22,6,c3-c4
0.7589443097945987,0.7568563070676371,0.9590254706533776,0.4375,0,18,22,6,c3-c5
0.3212776255711369,0.315388016461554,0.9623477297895903,0.2916666666666667,0,18,22,6,c3-c6
0.4556936498784726,0.4527727217573189,0.964562569213732,0.4,0,18,22,6,c4-c5
0.6387268289751294,0.6359334969700264,0.9767441860465116,0.42105263157894735,0.09090909090909091,18,22,6,c4-c6
0.3258914968726524,0.3206378650592698,0.9656699889258029,0.2916666666666667,0.06666666666666667,18,22,6,c5-c6
0.5930157131562833,0.5835590533712739,0.9091915836101883,0.5555555555555556,0.15942028985507245,19,23,2,c1-c2
0.5869724403384273,0.5792093157727581,0.9114064230343301,0.5294117647058824,0.13846153846153847,19,23,3,c1-c2
0.4768048720500114,0.46904543374280827,0.8914728682170543,0.2727272727272727,0.04918032786885246,19,23,3,c1-c3
0.7605419161864984,0.7580001867306079,0.946843853820598,0.4444444444444444,0.06666666666666667,19,23,3,c2-c3
0.5160484641533306,0.5105705295069849,0.9413067552602437,0.5151515151515151,0.02631578947368421,19,23,4,c1-c2
0.7988576479674024,0.7965778543883721,0.9501661129568106,0.4594594594594595,0.1935483870967742,19,23,4,c1-c3
0.46131268881838605,0.4560324452017304,0.9523809523809523,0.4482758620689655,0.03571428571428571,19,23,4,c1-c4
0.5909215056222046,0.5860522607872893,0.937984496124031,0.5609756097560976,0.02564102564102564,19,23,4,c2-c3
0.7605419161864984,0.7580001867306079,0.946843853820598,0.4444444444444444,0.06666666666666667,19,23,4,c2-c4
0.46014296390275494,0.4544635608335274,0.9357696566998892,0.3023255813953488,0.034482758620689655,19,23,4,c3-c4
0.5160484641533306,0.5105705295069849,0.9413067552602437,0.5151515151515151,0.02631578947368421,19,23,5,c1-c2
0.7727553361558258,0.7705566632976939,0.9601328903654485,0.5714285714285714,0.1111111111111111,19,23,5,c1-c3
0.46131268881838605,0.4560324452017304,0.9523809523809523,0.4482758620689655,0.03571428571428571,19,23,5,c1-c4
0.5734682667685592,0.5699145455456591,0.964562569213732,0.45454545454545453,0.047619047619047616,19,23,5,c1-c5
0.5275414179819136,0.523113276828615,0.9435215946843853,0.4594594594594595,0.03125,19,23,5,c2-c3
0.7605419161864984,0.7580001867306079,0.946843853820598,0.4444444444444444,0.06666666666666667,19,23,5,c2-c4
0.2118477012036564,0.20441999195971614,0.9545957918050941,0.3548387096774194,0.08695652173913043,19,23,5,c2-c5
0.471524272497519,0.46689984337216645,0.9523809523809523,0.35294117647058826,0.045454545454545456,19,23,5,c3-c4
0.41100193595710804,0.40589216215306234,0.964562569213732,0.38461538461538464,0,19,23,5,c3-c5
0.22677845469699093,0.22068412678310892,0.9678848283499446,0.36,0.07142857142857142,19,23,5,c4-c5
0.44941176544891503,0.44571953767398675,0.9612403100775194,0.4074074074074074,0.05,19,23,6,c1-c2
0.7727553361558258,0.7705566632976939,0.9601328903654485,0.5714285714285714,0.1111111111111111,19,23,6,c1-c3
0.46131268881838605,0.4560324452017304,0.9523809523809523,0.4482758620689655,0.03571428571428571,19,23,6,c1-c4
0.5035468143829964,0.49837469147743363,0.9490586932447398,0.4827586206896552,0,19,23,6,c1-c5
0.5734682667685592,0.5699145455456591,0.964562569213732,0.45454545454545453,0.047619047619047616,19,23,6,c1-c6
0.39976085210913587,0.39696096069362774,0.9590254706533776,0.3125,0,19,23,6,c2-c3
0.6686812210705769,0.6664503047909665,0.964562569213732,0.3793103448275862,0,19,23,6,c2-c4
0.567643390553894,0.5651792901725069,0.9656699889258029,0.41379310344827586,0.06666666666666667,19,23,6,c2-c5
0.16681980109386238,0.1610032144018955,0.9745293466223699,0.30434782608695654,0,19,23,6,c2-c6
0.471524272497519,0.46689984337216645,0.9523809523809523,0.35294117647058826,0.045454545454545456,19,23,6,c3-c4
0.5632008122116365,0.5593259719503911,0.9579180509413068,0.5666666666666667,0,19,23,6,c3-c5
0.41100193595710804,0.40589216215306234,0.964562569213732,0.38461538461538464,0,19,23,6,c3-c6
0.6531865948176286,0.6497619818390317,0.9545957918050941,0.45161290322580644,0,19,23,6,c4-c5
0.22677845469699093,0.22068412678310892,0.9678848283499446,0.36,0.07142857142857142,19,23,6,c4-c6
0.20610151979018854,0.19926081452301866,0.964562569213732,0.34615384615384615,0.0625,19,23,6,c5-c6
0.7719751479768929,0.767238867731007,0.8981173864894795,0.5423728813559322,0.057971014492753624,20,24,2,c1-c2
0.6789447277493164,0.6739423581341988,0.9269102990033222,0.42857142857142855,0.05,20,24,3,c1-c2
0.6960048832303696,0.6924608592582027,0.9501661129568106,0.5,0.12903225806451613,20,24,3,c1-c3
0.7751663146448671,0.7726455237142137,0.9324473975636767,0.5,0.04878048780487805,20,24,3,c2-c3
0.532910861366318,0.5290256380133705,0.946843853820598,0.2972972972972973,0,20,24,4,c1-c2
0.5829671707813283,0.5775419229597952,0.9457364341085271,0.5,0.03333333333333333,20,24,4,c1-c3
0.6960048832303696,0.6924608592582027,0.9501661129568106,0.5,0.12903225806451613,20,24,4,c1-c4
0.6789916670441436,0.67695569104759,0.9568106312292359,0.42857142857142855,0,20,24,4,c2-c3
0.3992680577554367,0.3950609838945892,0.9501661129568106,0.3333333333333333,0,20,24,4,c2-c4
0.729050810834449,0.726290070846702,0.9512735326688815,0.5555555555555556,0.06666666666666667,20,24,4,c3-c4
0.6449411205543862,0.6420974301209922,0.9612403100775194,0.35714285714285715,0,20,24,5,c1-c2
0.5715312246535427,0.5689548905692955,0.9756367663344407,0.45,0.15384615384615385,20,24,5,c1-c3
0.6486758808313302,0.6443699275900425,0.9512735326688815,0.42857142857142855,0.04,20,24,5,c1-c4
0.4957604184619638,0.49031022346983594,0.9534883720930233,0.4666666666666667,0.07142857142857142,20,24,5,c1-c5
0.5030894469784629,0.5005954294226458,0.9767441860465116,0.38095238095238093,0,20,24,5,c2-c3
0.6789916670441436,0.67695569104759,0.9568106312292359,0.42857142857142855,0,20,24,5,c2-c4
0.3992680577554367,0.3950609838945892,0.9501661129568106,0.3333333333333333,0,20,24,5,c2-c5
0.675260335131271,0.6733749837851968,0.9579180509413068,0.3225806451612903,0,20,24,5,c3-c4
0.6077847121361641,0.6055533892578323,0.955703211517165,0.2962962962962963,0,20,24,5,c3-c5
0.729050810834449,0.726290070846702,0.9512735326688815,0.5555555555555556,0.06666666666666667,20,24,5,c4-c5
0.6449411205543862,0.6420974301209922,0.9612403100775194,0.35714285714285715,0,20,24,6,c1-c2
0.5715312246535427,0.5689548905692955,0.9756367663344407,0.45,0.15384615384615385,20,24,6,c1-c3
0.5094995085584115,0.5112043104161658,0.9590254706533776,0.4482758620689655,0,20,24,6,c1-c4
0.4957604184619638,0.49031022346983594,0.9534883720930233,0.4666666666666667,0.07142857142857142,20,24,6,c1-c5
0.2636912606273958,0.2545001640935311,0.9579180509413068,0.2608695652173913,0,20,24,6,c1-c6
0.5030894469784629,0.5005954294226458,0.9767441860465116,0.38095238095238093,0,20,24,6,c2-c3
0.4338906110872617,0.4306054333106479,0.9579180509413068,0.3125,0,20,24,6,c2-c4
0.3992680577554367,0.3950609838945892,0.9501661129568106,0.3333333333333333,0,20,24,6,c2-c5
0.5048566014978073,0.4994615517368779,0.9678848283499446,0.3181818181818182,0,20,24,6,c2-c6
0.6015370749691956,0.5992210224160438,0.9700996677740864,0.43478260869565216,0,20,24,6,c3-c4
0.6077847121361641,0.6055533892578323,0.955703211517165,0.2962962962962963,0,20,24,6,c3-c5
0.2066718064790434,0.2005404986858476,0.9756367663344407,0.3333333333333333,0,20,24,6,c3-c6
0.787231617804941,0.7854111566166272,0.9523809523809523,0.5483870967741935,0,20,24,6,c4-c5
0.19492357513748165,0.18541078089298937,0.9545957918050941,0.2222222222222222,0,20,24,6,c4-c6
0.24779270710784268,0.23848229365671222,0.9512735326688815,0.25,0.08,20,24,6,c5-c6
0.6380355439773594,0.6319940041883894,0.9213732004429679,0.6458333333333334,0.0847457627118644,21,25,2,c1-c2
0.5496591584689066,0.5486601271065431,0.946843853820598,0.21621621621621623,0,21,25,3,c1-c2
0.6837123124981047,0.6836530282538851,0.9302325581395349,0.24324324324324326,0,21,25,3,c1-c3
0.6220105729972057,0.616985074401979,0.9390919158361019,0.6590909090909091,0.1111111111111111,21,25,3,c2-c3
0.5669701261909568,0.5658223328935374,0.964562569213732,0.27586206896551724,0,21,25,4,c1-c2
0.6837123124981047,0.6836530282538851,0.9302325581395349,0.24324324324324326,0,21,25,4,c1-c3
0.7859718439447722,0.785706084700932,0.9789590254706534,0.5294117647058824,0,21,25,4,c1-c4
0.6194944431726122,0.6147474318090077,0.9479512735326688,0.7105263157894737,0.07692307692307693,21,25,4,c2-c3
0.5519399559723477,0.5464742226204202,0.9501661129568106,0.25,0,21,25,4,c2-c4
0.6680312813825308,0.6634993382339798,0.9180509413067552,0.2558139534883721,0,21,25,4,c3-c4
0.5669701261909568,0.5658223328935374,0.964562569213732,0.27586206896551724,0,21,25,5,c1-c2
0.6646355875930868,0.663934914633307,0.9700996677740864,0.375,0,21,25,5,c1-c3
0.7859718439447722,0.785706084700932,0.9789590254706534,0.5294117647058824,0,21,25,5,c1-c4
0.5454517052238536,0.5438967118791659,0.973421926910299,0.3333333333333333,0,21,25,5,c1-c5
0.5171013766685194,0.5131828486141978,0.9634551495016611,0.5757575757575758,0,21,25,5,c2-c3
0.5519399559723477,0.5464742226204202,0.9501661129568106,0.25,0,21,25,5,c2-c4
0.6572253442354328,0.6539818556897034,0.9667774086378738,0.4827586206896552,0.11764705882352941,21,25,5,c2-c5
0.6487171249845909,0.6450559367294427,0.955703211517165,0.3225806451612903,0,21,25,5,c3-c4
0.44660525823800196,0.4424164268792872,0.9634551495016611,0.5,0,21,25,5,c3-c5
0.5060084186803688,0.5010887812382668,0.9568106312292359,0.23076923076923078,0,21,25,5,c4-c5
0.5375576366486495,0.5363017966785406,0.9833887043189369,0.47058823529411764,0,21,25,6,c1-c2
0.6646355875930868,0.663934914633307,0.9700996677740864,0.375,0,21,25,6,c1-c3
0.1489745004858788,0.14134705826807958,0.9789590254706534,0.23076923076923078,0,21,25,6,c1-c4
0.7859718439447722,0.785706084700932,0.9789590254706534,0.5294117647058824,0,21,25,6,c1-c5
0.5454517052238536,0.5438967118791659,0.973421926910299,0.3333333333333333,0,21,25,6,c1-c6
0.44949219559497106,0.4464280760520029,0.9689922480620154,0.48148148148148145,0,21,25,6,c2-c3
0.15082136372944377,0.14019926346678382,0.97120708748615725,0.21052631578947367,0,21,25,6,c2-c4
0.5162229188011644,0.512149999701314,0.9667774086378738,0.32,0,21,25,6,c2-c5
0.5470547705945843,0.5439940663254234,0.9656699889258029,0.2916666666666667,0,21,25,6,c2-c6
0.12567022276893772,0.1130096133525125,0.9579180509413068,0.19230769230769232,0,21,25,6,c3-c4
0.6487171249845909,0.6450559367294427,0.955703211517165,0.3225806451612903,0,21,25,6,c3-c5
0.44660525823800196,0.4424164268792872,0.9634551495016611,0.5,0,21,25,6,c3-c6
0.168682922698468,0.15691654224267723,0.964562569213732,0.2,0,21,25,6,c4-c5
0.26228417276560767,0.25217950392124733,0.9656699889258029,0.2222222222222222,0,21,25,6,c4-c6
0.5060084186803688,0.5010887812382668,0.9568106312292359,0.23076923076923078,0,21,25,6,c5-c6
0.584202327150581,0.5790078518209402,0.9324473975636767,0.5555555555555556,0.06818181818181818,22,26,2,c1-c2
0.5083956356505038,0.5047102888537832,0.9479512735326688,0.525,0.034482758620689655,22,26,3,c1-c2
0.6351672551279001,0.6300548853922372,0.937984496124031,0.5263157894736842,0.02564102564102564,22,26,3,c1-c3
0.6892644571248279,0.6838300033759221,0.9545957918050941,0.5277777777777778,0.07692307692307693,22,26,3,c2-c3
0.5118357479629823,0.5082569050971574,0.9568106312292359,0.5,0.08333333333333333,22,26,4,c1-c2
0.42087156259644987,0.41706152871093655,0.9413067552602437,0.19444444444444445,0,22,26,4,c1-c3
0.6351672551279001,0.6300548853922372,0.937984496124031,0.5263157894736842,0.02564102564102564,22,26,4,c1-c4
0.675634576281736,0.6735360022346338,0.9756367663344407,0.36363636363636365,0,22,26,4,c2-c3
0.687563303616531,0.6835840824031502,0.9590254706533776,0.5517241379310345,0,22,26,4,c2-c4
0.5023169738121512,0.49794494026122843,0.9501661129568106,0.23333333333333334,0,22,26,4,c3-c4
0.44333841027081605,0.44038642883662993,0.9745293466223699,0.5555555555555556,0.08333333333333333,22,26,5,c1-c2
0.3613336603119475,0.3579988158727363,0.9634551495016611,0.21428571428571427,0,22,26,5,c1-c3
0.5814759552009799,0.5771432633582249,0.9534883720930233,0.53125,0,22,26,5,c1-c4
0.7891108109594156,0.7886708358852379,0.9723145071982281,0.5,0,22,26,5,c1-c5
0.675634576281736,0.6735360022346338,0.9756367663344407,0.36363636363636365,0,22,26,5,c2-c3
0.687563303616531,0.6835840824031502,0.9590254706533776,0.5517241379310345,0,22,26,5,c2-c4
0.5094706527259308,0.5075336500581022,0.9800664451827242,0.5833333333333334,0,22,26,5,c2-c5
0.5023169738121512,0.49794494026122843,0.9501661129568106,0.23333333333333334,0,22,26,5,c3-c4
0.4411760463745034,0.43865148650640406,0.9756367663344407,0.30434782608695654,0,22,26,5,c3-c5
0.6760532222667899,0.673549357184771,0.9568106312292359,0.45161290322580644,0,22,26,5,c4-c5
0.44333841027081605,0.44038642883662993,0.9745293466223699,0.5555555555555556,0.08333333333333333,22,26,6,c1-c2
0.3613336603119475,0.3579988158727363,0.9634551495016611,0.21428571428571427,0,22,26,6,c1-c3
0.37738769437896624,0.37238077772142014,0.9601328903654485,0.2857142857142857,0,22,26,6,c1-c4
0.7891108109594156,0.7886708358852379,0.9723145071982281,0.5,0,22,26,6,c1-c5
0.5530371315919747,0.5514155673412665,0.973421926910299,0.4583333333333333,0,22,26,6,c1-c6
0.675634576281736,0.6735360022346338,0.9756367663344407,0.36363636363636365,0,22,26,6,c2-c3
0.5839317905488937,0.5797829531050678,0.9656699889258029,0.28,0,22,26,6,c2-c4
0.5094706527259308,0.5075336500581022,0.9800664451827242,0.5833333333333334,0,22,26,6,c2-c5
0.5233296941660197,0.5211263550760812,0.9789590254706534,0.47619047619047616,0,22,26,6,c2-c6
0.620204580427688,0.6174702231469135,0.9723145071982281,0.2631578947368421,0,22,26,6,c3-c4
0.4411760463745034,0.43865148650640406,0.9756367663344407,0.30434782608695654,0,22,26,6,c3-c5
0.34667108821090276,0.3437578897308551,0.9811738648947951,0.35294117647058826,0,22,26,6,c3-c6
0.5124913098209034,0.5089644371260436,0.9678848283499446,0.28,0,22,26,6,c4-c5
0.3831288994131111,0.3791952541461345,0.973421926910299,0.3157894736842105,0,22,26,6,c4-c6
0.5663492233575526,0.5650567801266856,0.9789590254706534,0.4090909090909091,0,22,26,6,c5-c6
0.6082128166155614,0.6048182379956883,0.9269102990033222,0.45454545454545453,0.023255813953488372,23,27,2,c1-c2
0.5948661970736874,0.592433902277402,0.9523809523809523,0.5294117647058824,0.06896551724137931,23,27,3,c1-c2
0.7103710226328713,0.7081346284617674,0.946843853820598,0.3888888888888889,0.07142857142857142,23,27,3,c1-c3
0.5391179538983996,0.5362980074841746,0.9656699889258029,0.3333333333333333,0,23,27,3,c2-c3
0.6629270862601068,0.6614806836110522,0.9723145071982281,0.6666666666666666,0,23,27,4,c1-c2
0.7618301154383778,0.7603037031912615,0.964562569213732,0.43333333333333335,0,23,27,4,c1-c3
0.5794084969197326,0.5782831301512796,0.9656699889258029,0.3076923076923077,0,23,27,4,c1-c4
0.5391179538983996,0.5362980074841746,0.9656699889258029,0.3333333333333333,0,23,27,4,c2-c3
0.3860931629097247,0.3843503058049253,0.9689922480620154,0.24,0,23,27,4,c2-c4
0.5676061130594473,0.5661361632290672,0.9745293466223699,0.3181818181818182,0,23,27,4,c3-c4
0.5808707926277578,0.579122592909848,0.9745293466223699,0.5769230769230769,0,23,27,5,c1-c2
0.7618301154383778,0.7603037031912615,0.964562569213732,0.43333333333333335,0,23,27,5,c1-c3
0.5794084969197326,0.5782831301512796,0.9656699889258029,0.3076923076923077,0,23,27,5,c1-c4
0.43549636527641944,0.4349907913887638,0.9656699889258029,0.2222222222222222,0,23,27,5,c1-c5
0.5365060472249739,0.5340067239781858,0.9767441860465116,0.44,0,23,27,5,c2-c3
0.33947824582649816,0.337630445887798,0.9800664451827242,0.35,0,23,27,5,c2-c4
0.5267091369041468,0.5262020907023058,0.982281284606866,0.3,0,23,27,5,c2-c5
0.5676061130594473,0.5661361632290672,0.9745293466223699,0.3181818181818182,0,23,27,5,c3-c4
0.5942751794982779,0.5937553259404987,0.9789590254706534,0.3333333333333333,0,23,27,5,c3-c5
0.37661660082138354,0.37601753325428194,0.9867109634551495,0.35714285714285715,0,23,27,5,c4-c5
0.5808707926277578,0.579122592909848,0.9745293466223699,0.5769230769230769,0,23,27,6,c1-c2
0.8334277000099566,0.8321561291335795,0.9700996677740864,0.46153846153846156,0,23,27,6,c1-c3
0.5794084969197326,0.5782831301512796,0.9656699889258029,0.3076923076923077,0,23,27,6,c1-c4
0.43549636527641944,0.4349907913887638,0.9656699889258029,0.2222222222222222,0,23,27,6,c1-c5
0.48639039041149446,0.48305662603401134,0.9623477297895903,0.18518518518518517,0,23,27,6,c1-c6
0.413502977623118,0.41048648830152434,0.9778516057585825,0.34782608695652173,0,23,27,6,c2-c3
0.33947824582649816,0.337630445887798,0.9800664451827242,0.35,0,23,27,6,c2-c4
0.5267091369041468,0.5262020907023058,0.982281284606866,0.3,0,23,27,6,c2-c5
0.4189988045162368,0.41577104946716464,0.9789590254706534,0.25,0,23,27,6,c2-c6
0.5540646369373278,0.5524405700850507,0.982281284606866,0.4117647058823529,0,23,27,6,c3-c4
0.5195652737452684,0.5184634410942531,0.9844961240310077,0.35294117647058826,0,23,27,6,c3-c5
0.4408134460180821,0.43758822662979,0.9789590254706534,0.2222222222222222,0,23,27,6,c3-c6
0.37661660082138354,0.37601753325428194,0.9867109634551495,0.35714285714285715,0,23,27,6,c4-c5
0.4868478016058305,0.48472442420928785,0.9833887043189369,0.2857142857142857,0,23,27,6,c4-c6
0.3837301289978805,0.38187738052694986,0.9878183831672204,0.3076923076923077,0,23,27,6,c5-c6
