Variable,window_start,window_end,window_id,HD1,HD2,HD3,HD4,HD5,HD7,HD8,EDU9,EDU10,EDU11,EDU12,EDU13,EDU14,EDU15,EDU16,EDU17,FAM18,FAM19,FAM20,FAM21,UTL22,UTL23,PAR25,PAR26,PAR27,CAD28,CAD29,CAD30,CAD31,CAD32,CAD33,CAD34,CAD35,PRO36,PRO37,PRO38,PRO39,PAT40,PAT41,PAT42,PAT43
HD1,13,17,"[13,17]",1,0.952,0.968,0.984,1,1,1,0.08,0.88,1,1,1,1,0.952,0.792,0.736,0.984,0.984,0.872,0.984,1,0.936,0.984,1,1,1,1,0.728,0.952,0.84,1,0.728,0.616,1,0.736,1,1,0.936,0.984,1,1
HD2,13,17,"[13,17]",0.952,1,0.92,0.936,0.952,0.952,0.952,0.128,0.832,0.952,0.952,0.952,0.952,0.904,0.808,0.72,0.936,0.936,0.824,0.936,0.952,0.888,0.936,0.952,0.952,0.952,0.952,0.68,0.904,0.824,0.952,0.68,0.632,0.952,0.752,0.952,0.952,0.888,0.936,0.952,0.952
HD3,13,17,"[13,17]",0.968,0.92,1,0.952,0.968,0.968,0.968,0.112,0.848,0.968,0.968,0.968,0.968,0.92,0.76,0.768,0.952,0.952,0.84,0.952,0.968,0.904,0.952,0.968,0.968,0.968,0.968,0.696,0.92,0.808,0.968,0.728,0.584,0.968,0.704,0.968,0.968,0.904,0.952,0.968,0.968
HD4,13,17,"[13,17]",0.984,0.936,0.952,1,0.984,0.984,0.984,0.096,0.864,0.984,0.984,0.984,0.984,0.936,0.808,0.72,0.968,0.968,0.888,0.968,0.984,0.92,0.968,0.984,0.984,0.984,0.984,0.712,0.936,0.824,0.984,0.712,0.632,0.984,0.72,0.984,0.984,0.92,0.968,0.984,0.984
HD5,13,17,"[13,17]",1,0.952,0.968,0.984,1,1,1,0.08,0.88,1,1,1,1,0.952,0.792,0.736,0.984,0.984,0.872,0.984,1,0.936,0.984,1,1,1,1,0.728,0.952,0.84,1,0.728,0.616,1,0.736,1,1,0.936,0.984,1,1
HD7,13,17,"[13,17]",1,0.952,0.968,0.984,1,1,1,0.08,0.88,1,1,1,1,0.952,0.792,0.736,0.984,0.984,0.872,0.984,1,0.936,0.984,1,1,1,1,0.728,0.952,0.84,1,0.728,0.616,1,0.736,1,1,0.936,0.984,1,1
HD8,13,17,"[13,17]",1,0.952,0.968,0.984,1,1,1,0.08,0.88,1,1,1,1,0.952,0.792,0.736,0.984,0.984,0.872,0.984,1,0.936,0.984,1,1,1,1,0.728,0.952,0.84,1,0.728,0.616,1,0.736,1,1,0.936,0.984,1,1
EDU9,13,17,"[13,17]",0.08,0.128,0.112,0.096,0.08,0.08,0.08,1,0.2,0.08,0.08,0.08,0.08,0.128,0.288,0.344,0.096,0.096,0.208,0.096,0.08,0.144,0.096,0.08,0.08,0.08,0.08,0.32,0.096,0.208,0.08,0.288,0.368,0.08,0.312,0.08,0.08,0.144,0.096,0.08,0.08
EDU10,13,17,"[13,17]",0.88,0.832,0.848,0.864,0.88,0.88,0.88,0.2,1,0.88,0.88,0.88,0.88,0.832,0.736,0.728,0.864,0.864,0.816,0.864,0.88,0.848,0.864,0.88,0.88,0.88,0.88,0.704,0.864,0.752,0.88,0.672,0.592,0.88,0.664,0.88,0.88,0.848,0.864,0.88,0.88
EDU11,13,17,"[13,17]",1,0.952,0.968,0.984,1,1,1,0.08,0.88,1,1,1,1,0.952,0.792,0.736,0.984,0.984,0.872,0.984,1,0.936,0.984,1,1,1,1,0.728,0.952,0.84,1,0.728,0.616,1,0.736,1,1,0.936,0.984,1,1
EDU12,13,17,"[13,17]",1,0.952,0.968,0.984,1,1,1,0.08,0.88,1,1,1,1,0.952,0.792,0.736,0.984,0.984,0.872,0.984,1,0.936,0.984,1,1,1,1,0.728,0.952,0.84,1,0.728,0.616,1,0.736,1,1,0.936,0.984,1,1
EDU13,13,17,"[13,17]",1,0.952,0.968,0.984,1,1,1,0.08,0.88,1,1,1,1,0.952,0.792,0.736,0.984,0.984,0.872,0.984,1,0.936,0.984,1,1,1,1,0.728,0.952,0.84,1,0.728,0.616,1,0.736,1,1,0.936,0.984,1,1
EDU14,13,17,"[13,17]",1,0.952,0.968,0.984,1,1,1,0.08,0.88,1,1,1,1,0.952,0.792,0.736,0.984,0.984,0.872,0.984,1,0.936,0.984,1,1,1,1,0.728,0.952,0.84,1,0.728,0.616,1,0.736,1,1,0.936,0.984,1,1
EDU15,13,17,"[13,17]",0.952,0.904,0.92,0.936,0.952,0.952,0.952,0.128,0.832,0.952,0.952,0.952,0.952,1,0.744,0.688,0.936,0.936,0.824,0.936,0.952,0.888,0.936,0.952,0.952,0.952,0.952,0.712,0.904,0.824,0.952,0.68,0.568,0.952,0.688,0.952,0.952,0.888,0.936,0.952,0.952
EDU16,13,17,"[13,17]",0.792,0.808,0.76,0.808,0.792,0.792,0.792,0.288,0.736,0.792,0.792,0.792,0.792,0.744,1,0.656,0.776,0.808,0.792,0.776,0.792,0.76,0.776,0.792,0.792,0.792,0.792,0.648,0.776,0.664,0.792,0.616,0.696,0.792,0.688,0.792,0.792,0.76,0.776,0.792,0.792
EDU17,13,17,"[13,17]",0.736,0.72,0.768,0.72,0.736,0.736,0.736,0.344,0.728,0.736,0.736,0.736,0.736,0.688,0.656,1,0.72,0.72,0.672,0.72,0.736,0.672,0.72,0.736,0.736,0.736,0.736,0.592,0.752,0.608,0.736,0.592,0.48,0.736,0.584,0.736,0.736,0.672,0.72,0.736,0.736
FAM18,13,17,"[13,17]",0.984,0.936,0.952,0.968,0.984,0.984,0.984,0.096,0.864,0.984,0.984,0.984,0.984,0.936,0.776,0.72,1,0.968,0.888,0.968,0.984,0.92,0.968,0.984,0.984,0.984,0.984,0.744,0.936,0.824,0.984,0.744,0.6,0.984,0.72,0.984,0.984,0.92,0.968,0.984,0.984
FAM19,13,17,"[13,17]",0.984,0.936,0.952,0.968,0.984,0.984,0.984,0.096,0.864,0.984,0.984,0.984,0.984,0.936,0.808,0.72,0.968,1,0.856,0.968,0.984,0.92,0.968,0.984,0.984,0.984,0.984,0.744,0.936,0.856,0.984,0.712,0.6,0.984,0.72,0.984,0.984,0.92,0.968,0.984,0.984
FAM20,13,17,"[13,17]",0.872,0.824,0.84,0.888,0.872,0.872,0.872,0.208,0.816,0.872,0.872,0.872,0.872,0.824,0.792,0.672,0.888,0.856,1,0.856,0.872,0.84,0.856,0.872,0.872,0.872,0.872,0.696,0.856,0.712,0.872,0.76,0.584,0.872,0.64,0.872,0.872,0.808,0.856,0.872,0.872
FAM21,13,17,"[13,17]",0.984,0.936,0.952,0.968,0.984,0.984,0.984,0.096,0.864,0.984,0.984,0.984,0.984,0.936,0.776,0.72,0.968,0.968,0.856,1,0.984,0.92,0.968,0.984,0.984,0.984,0.984,0.712,0.936,0.824,0.984,0.712,0.6,0.984,0.752,0.984,0.984,0.92,0.968,0.984,0.984
UTL22,13,17,"[13,17]",1,0.952,0.968,0.984,1,1,1,0.08,0.88,1,1,1,1,0.952,0.792,0.736,0.984,0.984,0.872,0.984,1,0.936,0.984,1,1,1,1,0.728,0.952,0.84,1,0.728,0.616,1,0.736,1,1,0.936,0.984,1,1
UTL23,13,17,"[13,17]",0.936,0.888,0.904,0.92,0.936,0.936,0.936,0.144,0.848,0.936,0.936,0.936,0.936,0.888,0.76,0.672,0.92,0.92,0.84,0.92,0.936,1,0.92,0.936,0.936,0.936,0.936,0.696,0.888,0.808,0.936,0.696,0.552,0.936,0.736,0.936,0.936,0.904,0.92,0.936,0.936
PAR25,13,17,"[13,17]",0.984,0.936,0.952,0.968,0.984,0.984,0.984,0.096,0.864,0.984,0.984,0.984,0.984,0.936,0.776,0.72,0.968,0.968,0.856,0.968,0.984,0.92,1,0.984,0.984,0.984,0.984,0.712,0.936,0.824,0.984,0.712,0.632,0.984,0.72,0.984,0.984,0.92,0.968,0.984,0.984
PAR26,13,17,"[13,17]",1,0.952,0.968,0.984,1,1,1,0.08,0.88,1,1,1,1,0.952,0.792,0.736,0.984,0.984,0.872,0.984,1,0.936,0.984,1,1,1,1,0.728,0.952,0.84,1,0.728,0.616,1,0.736,1,1,0.936,0.984,1,1
PAR27,13,17,"[13,17]",1,0.952,0.968,0.984,1,1,1,0.08,0.88,1,1,1,1,0.952,0.792,0.736,0.984,0.984,0.872,0.984,1,0.936,0.984,1,1,1,1,0.728,0.952,0.84,1,0.728,0.616,1,0.736,1,1,0.936,0.984,1,1
CAD28,13,17,"[13,17]",1,0.952,0.968,0.984,1,1,1,0.08,0.88,1,1,1,1,0.952,0.792,0.736,0.984,0.984,0.872,0.984,1,0.936,0.984,1,1,1,1,0.728,0.952,0.84,1,0.728,0.616,1,0.736,1,1,0.936,0.984,1,1
CAD29,13,17,"[13,17]",1,0.952,0.968,0.984,1,1,1,0.08,0.88,1,1,1,1,0.952,0.792,0.736,0.984,0.984,0.872,0.984,1,0.936,0.984,1,1,1,1,0.728,0.952,0.84,1,0.728,0.616,1,0.736,1,1,0.936,0.984,1,1
CAD30,13,17,"[13,17]",0.728,0.68,0.696,0.712,0.728,0.728,0.728,0.32,0.704,0.728,0.728,0.728,0.728,0.712,0.648,0.592,0.744,0.744,0.696,0.712,0.728,0.696,0.712,0.728,0.728,0.728,0.728,1,0.744,0.728,0.728,0.68,0.568,0.728,0.528,0.728,0.728,0.696,0.712,0.728,0.728
CAD31,13,17,"[13,17]",0.952,0.904,0.92,0.936,0.952,0.952,0.952,0.096,0.864,0.952,0.952,0.952,0.952,0.904,0.776,0.752,0.936,0.936,0.856,0.936,0.952,0.888,0.936,0.952,0.952,0.952,0.952,0.744,1,0.824,0.952,0.712,0.6,0.952,0.688,0.952,0.952,0.888,0.936,0.952,0.952
CAD32,13,17,"[13,17]",0.84,0.824,0.808,0.824,0.84,0.84,0.84,0.208,0.752,0.84,0.84,0.84,0.84,0.824,0.664,0.608,0.824,0.856,0.712,0.824,0.84,0.808,0.824,0.84,0.84,0.84,0.84,0.728,0.824,1,0.84,0.632,0.552,0.84,0.64,0.84,0.84,0.872,0.856,0.84,0.84
CAD33,13,17,"[13,17]",1,0.952,0.968,0.984,1,1,1,0.08,0.88,1,1,1,1,0.952,0.792,0.736,0.984,0.984,0.872,0.984,1,0.936,0.984,1,1,1,1,0.728,0.952,0.84,1,0.728,0.616,1,0.736,1,1,0.936,0.984,1,1
CAD34,13,17,"[13,17]",0.728,0.68,0.728,0.712,0.728,0.728,0.728,0.288,0.672,0.728,0.728,0.728,0.728,0.68,0.616,0.592,0.744,0.712,0.76,0.712,0.728,0.696,0.712,0.728,0.728,0.728,0.728,0.68,0.712,0.632,0.728,1,0.568,0.728,0.592,0.728,0.728,0.696,0.712,0.728,0.728
CAD35,13,17,"[13,17]",0.616,0.632,0.584,0.632,0.616,0.616,0.616,0.368,0.592,0.616,0.616,0.616,0.616,0.568,0.696,0.48,0.6,0.6,0.584,0.6,0.616,0.552,0.632,0.616,0.616,0.616,0.616,0.568,0.6,0.552,0.616,0.568,1,0.616,0.544,0.616,0.616,0.616,0.6,0.616,0.616
PRO36,13,17,"[13,17]",1,0.952,0.968,0.984,1,1,1,0.08,0.88,1,1,1,1,0.952,0.792,0.736,0.984,0.984,0.872,0.984,1,0.936,0.984,1,1,1,1,0.728,0.952,0.84,1,0.728,0.616,1,0.736,1,1,0.936,0.984,1,1
PRO37,13,17,"[13,17]",0.736,0.752,0.704,0.72,0.736,0.736,0.736,0.312,0.664,0.736,0.736,0.736,0.736,0.688,0.688,0.584,0.72,0.72,0.64,0.752,0.736,0.736,0.72,0.736,0.736,0.736,0.736,0.528,0.688,0.64,0.736,0.592,0.544,0.736,1,0.736,0.736,0.704,0.752,0.736,0.736
PRO38,13,17,"[13,17]",1,0.952,0.968,0.984,1,1,1,0.08,0.88,1,1,1,1,0.952,0.792,0.736,0.984,0.984,0.872,0.984,1,0.936,0.984,1,1,1,1,0.728,0.952,0.84,1,0.728,0.616,1,0.736,1,1,0.936,0.984,1,1
PRO39,13,17,"[13,17]",1,0.952,0.968,0.984,1,1,1,0.08,0.88,1,1,1,1,0.952,0.792,0.736,0.984,0.984,0.872,0.984,1,0.936,0.984,1,1,1,1,0.728,0.952,0.84,1,0.728,0.616,1,0.736,1,1,0.936,0.984,1,1
PAT40,13,17,"[13,17]",0.936,0.888,0.904,0.92,0.936,0.936,0.936,0.144,0.848,0.936,0.936,0.936,0.936,0.888,0.76,0.672,0.92,0.92,0.808,0.92,0.936,0.904,0.92,0.936,0.936,0.936,0.936,0.696,0.888,0.872,0.936,0.696,0.616,0.936,0.704,0.936,0.936,1,0.92,0.936,0.936
PAT41,13,17,"[13,17]",0.984,0.936,0.952,0.968,0.984,0.984,0.984,0.096,0.864,0.984,0.984,0.984,0.984,0.936,0.776,0.72,0.968,0.968,0.856,0.968,0.984,0.92,0.968,0.984,0.984,0.984,0.984,0.712,0.936,0.856,0.984,0.712,0.6,0.984,0.752,0.984,0.984,0.92,1,0.984,0.984
PAT42,13,17,"[13,17]",1,0.952,0.968,0.984,1,1,1,0.08,0.88,1,1,1,1,0.952,0.792,0.736,0.984,0.984,0.872,0.984,1,0.936,0.984,1,1,1,1,0.728,0.952,0.84,1,0.728,0.616,1,0.736,1,1,0.936,0.984,1,1
PAT43,13,17,"[13,17]",1,0.952,0.968,0.984,1,1,1,0.08,0.88,1,1,1,1,0.952,0.792,0.736,0.984,0.984,0.872,0.984,1,0.936,0.984,1,1,1,1,0.728,0.952,0.84,1,0.728,0.616,1,0.736,1,1,0.936,0.984,1,1
HD1,14,18,"[14,18]",1,0.808,0.856,1,1,1,1,0.048,1,1,1,0.944,1,0.376,0.8,0.384,0.984,0.952,0.56,0.952,0.952,0.84,0.776,1,0.728,1,0.968,0.912,0.984,0.76,1,0.792,0.84,0.936,0.696,1,0.92,0.92,0.968,1,1
HD2,14,18,"[14,18]",0.808,1,0.76,0.808,0.808,0.808,0.808,0.208,0.808,0.808,0.808,0.784,0.808,0.44,0.736,0.416,0.792,0.792,0.496,0.76,0.76,0.744,0.744,0.808,0.664,0.808,0.808,0.752,0.792,0.664,0.808,0.664,0.744,0.744,0.536,0.808,0.728,0.76,0.808,0.808,0.808
HD3,14,18,"[14,18]",0.856,0.76,1,0.856,0.856,0.856,0.856,0.192,0.856,0.856,0.856,0.8,0.856,0.488,0.656,0.336,0.84,0.84,0.544,0.808,0.808,0.856,0.728,0.856,0.648,0.856,0.824,0.768,0.84,0.616,0.856,0.776,0.728,0.824,0.616,0.856,0.776,0.808,0.824,0.856,0.856
HD4,14,18,"[14,18]",1,0.808,0.856,1,1,1,1,0.048,1,1,1,0.944,1,0.376,0.8,0.384,0.984,0.952,0.56,0.952,0.952,0.84,0.776,1,0.728,1,0.968,0.912,0.984,0.76,1,0.792,0.84,0.936,0.696,1,0.92,0.92,0.968,1,1
HD5,14,18,"[14,18]",1,0.808,0.856,1,1,1,1,0.048,1,1,1,0.944,1,0.376,0.8,0.384,0.984,0.952,0.56,0.952,0.952,0.84,0.776,1,0.728,1,0.968,0.912,0.984,0.76,1,0.792,0.84,0.936,0.696,1,0.92,0.92,0.968,1,1
HD7,14,18,"[14,18]",1,0.808,0.856,1,1,1,1,0.048,1,1,1,0.944,1,0.376,0.8,0.384,0.984,0.952,0.56,0.952,0.952,0.84,0.776,1,0.728,1,0.968,0.912,0.984,0.76,1,0.792,0.84,0.936,0.696,1,0.92,0.92,0.968,1,1
HD8,14,18,"[14,18]",1,0.808,0.856,1,1,1,1,0.048,1,1,1,0.944,1,0.376,0.8,0.384,0.984,0.952,0.56,0.952,0.952,0.84,0.776,1,0.728,1,0.968,0.912,0.984,0.76,1,0.792,0.84,0.936,0.696,1,0.92,0.92,0.968,1,1
EDU9,14,18,"[14,18]",0.048,0.208,0.192,0.048,0.048,0.048,0.048,1,0.048,0.048,0.048,0.104,0.048,0.672,0.248,0.664,0.064,0.096,0.456,0.096,0.096,0.208,0.272,0.048,0.32,0.048,0.08,0.104,0.064,0.256,0.048,0.256,0.208,0.112,0.352,0.048,0.128,0.128,0.08,0.048,0.048
EDU10,14,18,"[14,18]",1,0.808,0.856,1,1,1,1,0.048,1,1,1,0.944,1,0.376,0.8,0.384,0.984,0.952,0.56,0.952,0.952,0.84,0.776,1,0.728,1,0.968,0.912,0.984,0.76,1,0.792,0.84,0.936,0.696,1,0.92,0.92,0.968,1,1
EDU11,14,18,"[14,18]",1,0.808,0.856,1,1,1,1,0.048,1,1,1,0.944,1,0.376,0.8,0.384,0.984,0.952,0.56,0.952,0.952,0.84,0.776,1,0.728,1,0.968,0.912,0.984,0.76,1,0.792,0.84,0.936,0.696,1,0.92,0.92,0.968,1,1
EDU12,14,18,"[14,18]",1,0.808,0.856,1,1,1,1,0.048,1,1,1,0.944,1,0.376,0.8,0.384,0.984,0.952,0.56,0.952,0.952,0.84,0.776,1,0.728,1,0.968,0.912,0.984,0.76,1,0.792,0.84,0.936,0.696,1,0.92,0.92,0.968,1,1
EDU13,14,18,"[14,18]",0.944,0.784,0.8,0.944,0.944,0.944,0.944,0.104,0.944,0.944,0.944,1,0.944,0.384,0.792,0.44,0.928,0.896,0.52,0.896,0.896,0.816,0.752,0.944,0.736,0.944,0.944,0.872,0.928,0.704,0.944,0.768,0.848,0.912,0.64,0.944,0.864,0.864,0.912,0.944,0.944
EDU14,14,18,"[14,18]",1,0.808,0.856,1,1,1,1,0.048,1,1,1,0.944,1,0.376,0.8,0.384,0.984,0.952,0.56,0.952,0.952,0.84,0.776,1,0.728,1,0.968,0.912,0.984,0.76,1,0.792,0.84,0.936,0.696,1,0.92,0.92,0.968,1,1
EDU15,14,18,"[14,18]",0.376,0.44,0.488,0.376,0.376,0.376,0.376,0.672,0.376,0.376,0.376,0.384,0.376,1,0.4,0.528,0.392,0.424,0.448,0.392,0.392,0.472,0.408,0.376,0.424,0.376,0.376,0.352,0.392,0.36,0.376,0.52,0.44,0.44,0.488,0.376,0.392,0.392,0.376,0.376,0.376
EDU16,14,18,"[14,18]",0.8,0.736,0.656,0.8,0.8,0.8,0.8,0.248,0.8,0.8,0.8,0.792,0.8,0.4,1,0.552,0.784,0.784,0.6,0.784,0.816,0.736,0.768,0.8,0.656,0.8,0.8,0.792,0.816,0.688,0.8,0.656,0.736,0.8,0.624,0.8,0.784,0.784,0.768,0.8,0.8
EDU17,14,18,"[14,18]",0.384,0.416,0.336,0.384,0.384,0.384,0.384,0.664,0.384,0.384,0.384,0.44,0.384,0.528,0.552,1,0.4,0.368,0.504,0.368,0.432,0.416,0.416,0.384,0.656,0.384,0.416,0.408,0.4,0.496,0.384,0.368,0.416,0.416,0.464,0.384,0.4,0.4,0.416,0.384,0.384
FAM18,14,18,"[14,18]",0.984,0.792,0.84,0.984,0.984,0.984,0.984,0.064,0.984,0.984,0.984,0.928,0.984,0.392,0.784,0.4,1,0.936,0.544,0.936,0.936,0.824,0.76,0.984,0.712,0.984,0.952,0.896,0.968,0.744,0.984,0.776,0.856,0.92,0.68,0.984,0.904,0.904,0.952,0.984,0.984
FAM19,14,18,"[14,18]",0.952,0.792,0.84,0.952,0.952,0.952,0.952,0.096,0.952,0.952,0.952,0.896,0.952,0.424,0.784,0.368,0.936,1,0.576,0.936,0.904,0.856,0.76,0.952,0.68,0.952,0.92,0.896,0.936,0.712,0.952,0.776,0.824,0.92,0.712,0.952,0.904,0.872,0.92,0.952,0.952
FAM20,14,18,"[14,18]",0.56,0.496,0.544,0.56,0.56,0.56,0.56,0.456,0.56,0.56,0.56,0.52,0.56,0.448,0.6,0.504,0.544,0.576,1,0.576,0.576,0.592,0.528,0.56,0.512,0.56,0.56,0.584,0.576,0.544,0.56,0.48,0.528,0.592,0.544,0.56,0.576,0.544,0.528,0.56,0.56
FAM21,14,18,"[14,18]",0.952,0.76,0.808,0.952,0.952,0.952,0.952,0.096,0.952,0.952,0.952,0.896,0.952,0.392,0.784,0.368,0.936,0.936,0.576,1,0.904,0.824,0.728,0.952,0.68,0.952,0.92,0.864,0.936,0.744,0.952,0.744,0.824,0.92,0.68,0.952,0.904,0.872,0.92,0.952,0.952
UTL22,14,18,"[14,18]",0.952,0.76,0.808,0.952,0.952,0.952,0.952,0.096,0.952,0.952,0.952,0.896,0.952,0.392,0.816,0.432,0.936,0.904,0.576,0.904,1,0.792,0.792,0.952,0.68,0.952,0.92,0.896,0.936,0.744,0.952,0.776,0.792,0.888,0.648,0.952,0.872,0.872,0.92,0.952,0.952
UTL23,14,18,"[14,18]",0.84,0.744,0.856,0.84,0.84,0.84,0.84,0.208,0.84,0.84,0.84,0.816,0.84,0.472,0.736,0.416,0.824,0.856,0.592,0.824,0.792,1,0.744,0.84,0.696,0.84,0.808,0.752,0.824,0.664,0.84,0.696,0.744,0.84,0.664,0.84,0.824,0.792,0.808,0.84,0.84
PAR25,14,18,"[14,18]",0.776,0.744,0.728,0.776,0.776,0.776,0.776,0.272,0.776,0.776,0.776,0.752,0.776,0.408,0.768,0.416,0.76,0.76,0.528,0.728,0.792,0.744,1,0.776,0.632,0.776,0.776,0.752,0.76,0.6,0.776,0.632,0.68,0.744,0.664,0.776,0.696,0.696,0.744,0.776,0.776
PAR26,14,18,"[14,18]",1,0.808,0.856,1,1,1,1,0.048,1,1,1,0.944,1,0.376,0.8,0.384,0.984,0.952,0.56,0.952,0.952,0.84,0.776,1,0.728,1,0.968,0.912,0.984,0.76,1,0.792,0.84,0.936,0.696,1,0.92,0.92,0.968,1,1
PAR27,14,18,"[14,18]",0.728,0.664,0.648,0.728,0.728,0.728,0.728,0.32,0.728,0.728,0.728,0.736,0.728,0.424,0.656,0.656,0.712,0.68,0.512,0.68,0.68,0.696,0.632,0.728,1,0.728,0.728,0.672,0.744,0.712,0.728,0.616,0.632,0.728,0.648,0.728,0.648,0.712,0.728,0.728,0.728
CAD28,14,18,"[14,18]",1,0.808,0.856,1,1,1,1,0.048,1,1,1,0.944,1,0.376,0.8,0.384,0.984,0.952,0.56,0.952,0.952,0.84,0.776,1,0.728,1,0.968,0.912,0.984,0.76,1,0.792,0.84,0.936,0.696,1,0.92,0.92,0.968,1,1
CAD29,14,18,"[14,18]",0.968,0.808,0.824,0.968,0.968,0.968,0.968,0.08,0.968,0.968,0.968,0.944,0.968,0.376,0.8,0.416,0.952,0.92,0.56,0.92,0.92,0.808,0.776,0.968,0.728,0.968,1,0.88,0.952,0.728,0.968,0.792,0.808,0.936,0.664,0.968,0.888,0.888,0.936,0.968,0.968
CAD30,14,18,"[14,18]",0.912,0.752,0.768,0.912,0.912,0.912,0.912,0.104,0.912,0.912,0.912,0.872,0.912,0.352,0.792,0.408,0.896,0.896,0.584,0.864,0.896,0.752,0.752,0.912,0.672,0.912,0.88,1,0.928,0.768,0.912,0.704,0.752,0.88,0.672,0.912,0.832,0.864,0.88,0.912,0.912
CAD31,14,18,"[14,18]",0.984,0.792,0.84,0.984,0.984,0.984,0.984,0.064,0.984,0.984,0.984,0.928,0.984,0.392,0.816,0.4,0.968,0.936,0.576,0.936,0.936,0.824,0.76,0.984,0.744,0.984,0.952,0.928,1,0.744,0.984,0.776,0.824,0.952,0.712,0.984,0.904,0.936,0.952,0.984,0.984
CAD32,14,18,"[14,18]",0.76,0.664,0.616,0.76,0.76,0.76,0.76,0.256,0.76,0.76,0.76,0.704,0.76,0.36,0.688,0.496,0.744,0.712,0.544,0.744,0.744,0.664,0.6,0.76,0.712,0.76,0.728,0.768,0.744,1,0.76,0.584,0.664,0.696,0.552,0.76,0.712,0.68,0.728,0.76,0.76
CAD33,14,18,"[14,18]",1,0.808,0.856,1,1,1,1,0.048,1,1,1,0.944,1,0.376,0.8,0.384,0.984,0.952,0.56,0.952,0.952,0.84,0.776,1,0.728,1,0.968,0.912,0.984,0.76,1,0.792,0.84,0.936,0.696,1,0.92,0.92,0.968,1,1
CAD34,14,18,"[14,18]",0.792,0.664,0.776,0.792,0.792,0.792,0.792,0.256,0.792,0.792,0.792,0.768,0.792,0.52,0.656,0.368,0.776,0.776,0.48,0.744,0.776,0.696,0.632,0.792,0.616,0.792,0.792,0.704,0.776,0.584,0.792,1,0.696,0.792,0.552,0.792,0.712,0.744,0.792,0.792,0.792
CAD35,14,18,"[14,18]",0.84,0.744,0.728,0.84,0.84,0.84,0.84,0.208,0.84,0.84,0.84,0.848,0.84,0.44,0.736,0.416,0.856,0.824,0.528,0.824,0.792,0.744,0.68,0.84,0.632,0.84,0.808,0.752,0.824,0.664,0.84,0.696,1,0.776,0.6,0.84,0.792,0.792,0.808,0.84,0.84
PRO36,14,18,"[14,18]",0.936,0.744,0.824,0.936,0.936,0.936,0.936,0.112,0.936,0.936,0.936,0.912,0.936,0.44,0.8,0.416,0.92,0.92,0.592,0.92,0.888,0.84,0.744,0.936,0.728,0.936,0.936,0.88,0.952,0.696,0.936,0.792,0.776,1,0.696,0.936,0.888,0.888,0.904,0.936,0.936
PRO37,14,18,"[14,18]",0.696,0.536,0.616,0.696,0.696,0.696,0.696,0.352,0.696,0.696,0.696,0.64,0.696,0.488,0.624,0.464,0.68,0.712,0.544,0.68,0.648,0.664,0.664,0.696,0.648,0.696,0.664,0.672,0.712,0.552,0.696,0.552,0.6,0.696,1,0.696,0.712,0.68,0.664,0.696,0.696
PRO38,14,18,"[14,18]",1,0.808,0.856,1,1,1,1,0.048,1,1,1,0.944,1,0.376,0.8,0.384,0.984,0.952,0.56,0.952,0.952,0.84,0.776,1,0.728,1,0.968,0.912,0.984,0.76,1,0.792,0.84,0.936,0.696,1,0.92,0.92,0.968,1,1
PRO39,14,18,"[14,18]",0.92,0.728,0.776,0.92,0.92,0.92,0.92,0.128,0.92,0.92,0.92,0.864,0.92,0.392,0.784,0.4,0.904,0.904,0.576,0.904,0.872,0.824,0.696,0.92,0.648,0.92,0.888,0.832,0.904,0.712,0.92,0.712,0.792,0.888,0.712,0.92,1,0.84,0.888,0.92,0.92
PAT40,14,18,"[14,18]",0.92,0.76,0.808,0.92,0.92,0.92,0.92,0.128,0.92,0.92,0.92,0.864,0.92,0.392,0.784,0.4,0.904,0.872,0.544,0.872,0.872,0.792,0.696,0.92,0.712,0.92,0.888,0.864,0.936,0.68,0.92,0.744,0.792,0.888,0.68,0.92,0.84,1,0.888,0.92,0.92
PAT41,14,18,"[14,18]",0.968,0.808,0.824,0.968,0.968,0.968,0.968,0.08,0.968,0.968,0.968,0.912,0.968,0.376,0.768,0.416,0.952,0.92,0.528,0.92,0.92,0.808,0.744,0.968,0.728,0.968,0.936,0.88,0.952,0.728,0.968,0.792,0.808,0.904,0.664,0.968,0.888,0.888,1,0.968,0.968
PAT42,14,18,"[14,18]",1,0.808,0.856,1,1,1,1,0.048,1,1,1,0.944,1,0.376,0.8,0.384,0.984,0.952,0.56,0.952,0.952,0.84,0.776,1,0.728,1,0.968,0.912,0.984,0.76,1,0.792,0.84,0.936,0.696,1,0.92,0.92,0.968,1,1
PAT43,14,18,"[14,18]",1,0.808,0.856,1,1,1,1,0.048,1,1,1,0.944,1,0.376,0.8,0.384,0.984,0.952,0.56,0.952,0.952,0.84,0.776,1,0.728,1,0.968,0.912,0.984,0.76,1,0.792,0.84,0.936,0.696,1,0.92,0.92,0.968,1,1
HD1,15,19,"[15,19]",1,0.744,0.744,0.936,0.936,0.936,0.936,0.128,0.744,0.92,0.936,0.68,0.936,0.312,0.656,0.304,0.936,0.744,0.472,0.872,0.784,0.888,0.824,0.936,0.904,0.92,0.904,0.92,0.936,0.72,0.92,0.872,0.744,0.872,0.728,0.92,0.792,0.84,0.904,0.936,0.904
HD2,15,19,"[15,19]",0.744,1,0.712,0.808,0.808,0.808,0.808,0.256,0.68,0.792,0.808,0.616,0.808,0.376,0.624,0.4,0.808,0.584,0.536,0.744,0.784,0.728,0.728,0.808,0.808,0.792,0.808,0.792,0.808,0.656,0.824,0.744,0.68,0.712,0.728,0.792,0.664,0.744,0.808,0.808,0.776
HD3,15,19,"[15,19]",0.744,0.712,1,0.776,0.776,0.776,0.776,0.288,0.584,0.792,0.776,0.648,0.776,0.408,0.624,0.432,0.776,0.616,0.536,0.744,0.688,0.696,0.664,0.776,0.776,0.792,0.776,0.76,0.776,0.688,0.792,0.712,0.68,0.744,0.6,0.76,0.632,0.68,0.744,0.776,0.744
HD4,15,19,"[15,19]",0.936,0.808,0.776,1,1,1,1,0.064,0.808,0.984,1,0.744,1,0.28,0.656,0.336,1,0.744,0.472,0.936,0.848,0.92,0.856,1,0.968,0.984,0.968,0.984,1,0.752,0.984,0.872,0.744,0.904,0.76,0.984,0.792,0.904,0.936,1,0.968
HD5,15,19,"[15,19]",0.936,0.808,0.776,1,1,1,1,0.064,0.808,0.984,1,0.744,1,0.28,0.656,0.336,1,0.744,0.472,0.936,0.848,0.92,0.856,1,0.968,0.984,0.968,0.984,1,0.752,0.984,0.872,0.744,0.904,0.76,0.984,0.792,0.904,0.936,1,0.968
HD7,15,19,"[15,19]",0.936,0.808,0.776,1,1,1,1,0.064,0.808,0.984,1,0.744,1,0.28,0.656,0.336,1,0.744,0.472,0.936,0.848,0.92,0.856,1,0.968,0.984,0.968,0.984,1,0.752,0.984,0.872,0.744,0.904,0.76,0.984,0.792,0.904,0.936,1,0.968
HD8,15,19,"[15,19]",0.936,0.808,0.776,1,1,1,1,0.064,0.808,0.984,1,0.744,1,0.28,0.656,0.336,1,0.744,0.472,0.936,0.848,0.92,0.856,1,0.968,0.984,0.968,0.984,1,0.752,0.984,0.872,0.744,0.904,0.76,0.984,0.792,0.904,0.936,1,0.968
EDU9,15,19,"[15,19]",0.128,0.256,0.288,0.064,0.064,0.064,0.064,1,0.224,0.08,0.064,0.224,0.064,0.72,0.408,0.728,0.064,0.224,0.528,0.128,0.152,0.112,0.144,0.064,0.096,0.08,0.096,0.08,0.064,0.312,0.08,0.16,0.32,0.128,0.24,0.08,0.24,0.16,0.128,0.064,0.096
EDU10,15,19,"[15,19]",0.744,0.68,0.584,0.808,0.808,0.808,0.808,0.224,1,0.792,0.808,0.648,0.808,0.312,0.528,0.4,0.808,0.616,0.504,0.808,0.752,0.76,0.728,0.808,0.776,0.792,0.776,0.792,0.808,0.656,0.792,0.712,0.648,0.776,0.632,0.792,0.696,0.744,0.744,0.808,0.776
EDU11,15,19,"[15,19]",0.92,0.792,0.792,0.984,0.984,0.984,0.984,0.08,0.792,1,0.984,0.728,0.984,0.296,0.64,0.352,0.984,0.728,0.488,0.92,0.832,0.904,0.84,0.984,0.952,1,0.952,0.968,0.984,0.768,0.968,0.856,0.76,0.888,0.744,0.968,0.808,0.888,0.92,0.984,0.952
EDU12,15,19,"[15,19]",0.936,0.808,0.776,1,1,1,1,0.064,0.808,0.984,1,0.744,1,0.28,0.656,0.336,1,0.744,0.472,0.936,0.848,0.92,0.856,1,0.968,0.984,0.968,0.984,1,0.752,0.984,0.872,0.744,0.904,0.76,0.984,0.792,0.904,0.936,1,0.968
EDU13,15,19,"[15,19]",0.68,0.616,0.648,0.744,0.744,0.744,0.744,0.224,0.648,0.728,0.744,1,0.744,0.408,0.528,0.336,0.744,0.712,0.536,0.744,0.656,0.728,0.664,0.744,0.712,0.728,0.744,0.76,0.744,0.624,0.728,0.68,0.616,0.712,0.632,0.76,0.6,0.648,0.712,0.744,0.712
EDU14,15,19,"[15,19]",0.936,0.808,0.776,1,1,1,1,0.064,0.808,0.984,1,0.744,1,0.28,0.656,0.336,1,0.744,0.472,0.936,0.848,0.92,0.856,1,0.968,0.984,0.968,0.984,1,0.752,0.984,0.872,0.744,0.904,0.76,0.984,0.792,0.904,0.936,1,0.968
EDU15,15,19,"[15,19]",0.312,0.376,0.408,0.28,0.28,0.28,0.28,0.72,0.312,0.296,0.28,0.408,0.28,1,0.416,0.608,0.28,0.408,0.424,0.28,0.32,0.296,0.36,0.28,0.312,0.296,0.312,0.296,0.28,0.416,0.296,0.344,0.472,0.28,0.36,0.264,0.328,0.312,0.28,0.28,0.248
EDU16,15,19,"[15,19]",0.656,0.624,0.624,0.656,0.656,0.656,0.656,0.408,0.528,0.64,0.656,0.528,0.656,0.416,1,0.584,0.656,0.528,0.48,0.656,0.648,0.64,0.64,0.656,0.624,0.64,0.688,0.672,0.656,0.584,0.672,0.592,0.56,0.624,0.64,0.64,0.608,0.656,0.688,0.656,0.688
EDU17,15,19,"[15,19]",0.304,0.4,0.432,0.336,0.336,0.336,0.336,0.728,0.4,0.352,0.336,0.336,0.336,0.608,0.584,1,0.336,0.336,0.48,0.4,0.392,0.384,0.352,0.336,0.336,0.352,0.368,0.352,0.336,0.424,0.352,0.208,0.432,0.336,0.48,0.32,0.448,0.4,0.336,0.336,0.368
FAM18,15,19,"[15,19]",0.936,0.808,0.776,1,1,1,1,0.064,0.808,0.984,1,0.744,1,0.28,0.656,0.336,1,0.744,0.472,0.936,0.848,0.92,0.856,1,0.968,0.984,0.968,0.984,1,0.752,0.984,0.872,0.744,0.904,0.76,0.984,0.792,0.904,0.936,1,0.968
FAM19,15,19,"[15,19]",0.744,0.584,0.616,0.744,0.744,0.744,0.744,0.224,0.616,0.728,0.744,0.712,0.744,0.408,0.528,0.336,0.744,1,0.504,0.68,0.72,0.696,0.664,0.744,0.712,0.728,0.712,0.76,0.744,0.656,0.728,0.68,0.552,0.808,0.632,0.728,0.664,0.648,0.68,0.744,0.712
FAM20,15,19,"[15,19]",0.472,0.536,0.536,0.472,0.472,0.472,0.472,0.528,0.504,0.488,0.472,0.536,0.472,0.424,0.48,0.48,0.472,0.504,1,0.472,0.48,0.488,0.52,0.472,0.504,0.488,0.472,0.456,0.472,0.544,0.488,0.44,0.504,0.504,0.456,0.488,0.456,0.472,0.472,0.472,0.472
FAM21,15,19,"[15,19]",0.872,0.744,0.744,0.936,0.936,0.936,0.936,0.128,0.808,0.92,0.936,0.744,0.936,0.28,0.656,0.4,0.936,0.68,0.472,1,0.816,0.92,0.792,0.936,0.904,0.92,0.936,0.92,0.936,0.752,0.92,0.808,0.744,0.84,0.728,0.92,0.792,0.84,0.872,0.936,0.904
UTL22,15,19,"[15,19]",0.784,0.784,0.688,0.848,0.848,0.848,0.848,0.152,0.752,0.832,0.848,0.656,0.848,0.32,0.648,0.392,0.848,0.72,0.48,0.816,1,0.8,0.8,0.848,0.816,0.832,0.848,0.832,0.848,0.68,0.864,0.752,0.624,0.816,0.704,0.832,0.736,0.752,0.784,0.848,0.816
UTL23,15,19,"[15,19]",0.888,0.728,0.696,0.92,0.92,0.92,0.92,0.112,0.76,0.904,0.92,0.728,0.92,0.296,0.64,0.384,0.92,0.696,0.488,0.92,0.8,1,0.84,0.92,0.888,0.904,0.888,0.904,0.92,0.736,0.904,0.792,0.728,0.824,0.808,0.904,0.776,0.824,0.856,0.92,0.888
PAR25,15,19,"[15,19]",0.824,0.728,0.664,0.856,0.856,0.856,0.856,0.144,0.728,0.84,0.856,0.664,0.856,0.36,0.64,0.352,0.856,0.664,0.52,0.792,0.8,0.84,1,0.856,0.856,0.84,0.824,0.84,0.856,0.672,0.872,0.728,0.696,0.824,0.744,0.84,0.712,0.76,0.792,0.856,0.824
PAR26,15,19,"[15,19]",0.936,0.808,0.776,1,1,1,1,0.064,0.808,0.984,1,0.744,1,0.28,0.656,0.336,1,0.744,0.472,0.936,0.848,0.92,0.856,1,0.968,0.984,0.968,0.984,1,0.752,0.984,0.872,0.744,0.904,0.76,0.984,0.792,0.904,0.936,1,0.968
PAR27,15,19,"[15,19]",0.904,0.808,0.776,0.968,0.968,0.968,0.968,0.096,0.776,0.952,0.968,0.712,0.968,0.312,0.624,0.336,0.968,0.712,0.504,0.904,0.816,0.888,0.856,0.968,1,0.952,0.936,0.952,0.968,0.752,0.952,0.84,0.744,0.872,0.728,0.952,0.792,0.872,0.904,0.968,0.936
CAD28,15,19,"[15,19]",0.92,0.792,0.792,0.984,0.984,0.984,0.984,0.08,0.792,1,0.984,0.728,0.984,0.296,0.64,0.352,0.984,0.728,0.488,0.92,0.832,0.904,0.84,0.984,0.952,1,0.952,0.968,0.984,0.768,0.968,0.856,0.76,0.888,0.744,0.968,0.808,0.888,0.92,0.984,0.952
CAD29,15,19,"[15,19]",0.904,0.808,0.776,0.968,0.968,0.968,0.968,0.096,0.776,0.952,0.968,0.744,0.968,0.312,0.688,0.368,0.968,0.712,0.472,0.936,0.848,0.888,0.824,0.968,0.936,0.952,1,0.952,0.968,0.752,0.952,0.84,0.744,0.872,0.76,0.952,0.76,0.872,0.904,0.968,0.936
CAD30,15,19,"[15,19]",0.92,0.792,0.76,0.984,0.984,0.984,0.984,0.08,0.792,0.968,0.984,0.76,0.984,0.296,0.672,0.352,0.984,0.76,0.456,0.92,0.832,0.904,0.84,0.984,0.952,0.968,0.952,1,0.984,0.768,0.968,0.856,0.76,0.888,0.744,0.968,0.776,0.888,0.92,0.984,0.952
CAD31,15,19,"[15,19]",0.936,0.808,0.776,1,1,1,1,0.064,0.808,0.984,1,0.744,1,0.28,0.656,0.336,1,0.744,0.472,0.936,0.848,0.92,0.856,1,0.968,0.984,0.968,0.984,1,0.752,0.984,0.872,0.744,0.904,0.76,0.984,0.792,0.904,0.936,1,0.968
CAD32,15,19,"[15,19]",0.72,0.656,0.688,0.752,0.752,0.752,0.752,0.312,0.656,0.768,0.752,0.624,0.752,0.416,0.584,0.424,0.752,0.656,0.544,0.752,0.68,0.736,0.672,0.752,0.752,0.768,0.752,0.768,0.752,1,0.736,0.72,0.72,0.752,0.64,0.736,0.64,0.656,0.72,0.752,0.72
CAD33,15,19,"[15,19]",0.92,0.824,0.792,0.984,0.984,0.984,0.984,0.08,0.792,0.968,0.984,0.728,0.984,0.296,0.672,0.352,0.984,0.728,0.488,0.92,0.864,0.904,0.872,0.984,0.952,0.968,0.952,0.968,0.984,0.736,1,0.856,0.76,0.888,0.776,0.968,0.776,0.888,0.92,0.984,0.952
CAD34,15,19,"[15,19]",0.872,0.744,0.712,0.872,0.872,0.872,0.872,0.16,0.712,0.856,0.872,0.68,0.872,0.344,0.592,0.208,0.872,0.68,0.44,0.808,0.752,0.792,0.728,0.872,0.84,0.856,0.84,0.856,0.872,0.72,0.856,1,0.68,0.808,0.664,0.856,0.728,0.808,0.872,0.872,0.84
CAD35,15,19,"[15,19]",0.744,0.68,0.68,0.744,0.744,0.744,0.744,0.32,0.648,0.76,0.744,0.616,0.744,0.472,0.56,0.432,0.744,0.552,0.504,0.744,0.624,0.728,0.696,0.744,0.744,0.76,0.744,0.76,0.744,0.72,0.76,0.68,1,0.648,0.632,0.728,0.6,0.68,0.744,0.744,0.712
PRO36,15,19,"[15,19]",0.872,0.712,0.744,0.904,0.904,0.904,0.904,0.128,0.776,0.888,0.904,0.712,0.904,0.28,0.624,0.336,0.904,0.808,0.504,0.84,0.816,0.824,0.824,0.904,0.872,0.888,0.872,0.888,0.904,0.752,0.888,0.808,0.648,1,0.728,0.888,0.728,0.808,0.84,0.904,0.872
PRO37,15,19,"[15,19]",0.728,0.728,0.6,0.76,0.76,0.76,0.76,0.24,0.632,0.744,0.76,0.632,0.76,0.36,0.64,0.48,0.76,0.632,0.456,0.728,0.704,0.808,0.744,0.76,0.728,0.744,0.76,0.744,0.76,0.64,0.776,0.664,0.632,0.728,1,0.744,0.648,0.728,0.696,0.76,0.728
PRO38,15,19,"[15,19]",0.92,0.792,0.76,0.984,0.984,0.984,0.984,0.08,0.792,0.968,0.984,0.76,0.984,0.264,0.64,0.32,0.984,0.728,0.488,0.92,0.832,0.904,0.84,0.984,0.952,0.968,0.952,0.968,0.984,0.736,0.968,0.856,0.728,0.888,0.744,1,0.776,0.888,0.92,0.984,0.952
PRO39,15,19,"[15,19]",0.792,0.664,0.632,0.792,0.792,0.792,0.792,0.24,0.696,0.808,0.792,0.6,0.792,0.328,0.608,0.448,0.792,0.664,0.456,0.792,0.736,0.776,0.712,0.792,0.792,0.808,0.76,0.776,0.792,0.64,0.776,0.728,0.6,0.728,0.648,0.776,1,0.76,0.76,0.792,0.792
PAT40,15,19,"[15,19]",0.84,0.744,0.68,0.904,0.904,0.904,0.904,0.16,0.744,0.888,0.904,0.648,0.904,0.312,0.656,0.4,0.904,0.648,0.472,0.84,0.752,0.824,0.76,0.904,0.872,0.888,0.872,0.888,0.904,0.656,0.888,0.808,0.68,0.808,0.728,0.888,0.76,1,0.872,0.904,0.904
PAT41,15,19,"[15,19]",0.904,0.808,0.744,0.936,0.936,0.936,0.936,0.128,0.744,0.92,0.936,0.712,0.936,0.28,0.688,0.336,0.936,0.68,0.472,0.872,0.784,0.856,0.792,0.936,0.904,0.92,0.904,0.92,0.936,0.72,0.92,0.872,0.744,0.84,0.696,0.92,0.76,0.872,1,0.936,0.936
PAT42,15,19,"[15,19]",0.936,0.808,0.776,1,1,1,1,0.064,0.808,0.984,1,0.744,1,0.28,0.656,0.336,1,0.744,0.472,0.936,0.848,0.92,0.856,1,0.968,0.984,0.968,0.984,1,0.752,0.984,0.872,0.744,0.904,0.76,0.984,0.792,0.904,0.936,1,0.968
PAT43,15,19,"[15,19]",0.904,0.776,0.744,0.968,0.968,0.968,0.968,0.096,0.776,0.952,0.968,0.712,0.968,0.248,0.688,0.368,0.968,0.712,0.472,0.904,0.816,0.888,0.824,0.968,0.936,0.952,0.936,0.952,0.968,0.72,0.952,0.84,0.712,0.872,0.728,0.952,0.792,0.904,0.936,0.968,1
HD1,16,20,"[16,20]",1,0.552,0.76,0.896,0.784,0.936,0.936,0.064,0.824,0.808,0.888,0.632,0.904,0.208,0.48,0.312,0.92,0.728,0.84,0.936,0.792,0.872,0.648,0.936,0.92,0.792,0.936,0.904,0.872,0.728,0.824,0.352,0.536,0.88,0.656,0.888,0.88,0.68,0.712,0.896,0.904
HD2,16,20,"[16,20]",0.552,1,0.536,0.576,0.528,0.584,0.584,0.416,0.44,0.552,0.568,0.536,0.584,0.432,0.448,0.6,0.6,0.472,0.648,0.584,0.536,0.552,0.584,0.584,0.6,0.536,0.584,0.552,0.52,0.536,0.6,0.608,0.536,0.56,0.4,0.568,0.496,0.52,0.52,0.512,0.552
HD3,16,20,"[16,20]",0.76,0.536,1,0.72,0.64,0.728,0.728,0.272,0.712,0.632,0.712,0.616,0.696,0.384,0.496,0.392,0.712,0.616,0.664,0.728,0.616,0.632,0.504,0.728,0.712,0.648,0.728,0.696,0.696,0.68,0.616,0.432,0.456,0.672,0.672,0.68,0.672,0.536,0.632,0.688,0.696
HD4,16,20,"[16,20]",0.896,0.576,0.72,1,0.792,0.928,0.928,0.072,0.784,0.768,0.88,0.592,0.896,0.216,0.52,0.272,0.912,0.72,0.8,0.928,0.784,0.8,0.672,0.928,0.88,0.848,0.928,0.896,0.896,0.72,0.816,0.392,0.496,0.888,0.664,0.848,0.792,0.64,0.704,0.84,0.896
HD5,16,20,"[16,20]",0.784,0.528,0.64,0.792,1,0.848,0.848,0.152,0.704,0.688,0.8,0.544,0.848,0.2,0.536,0.32,0.832,0.672,0.688,0.848,0.768,0.752,0.56,0.848,0.8,0.704,0.848,0.816,0.816,0.64,0.768,0.44,0.512,0.84,0.616,0.832,0.712,0.72,0.624,0.792,0.848
HD7,16,20,"[16,20]",0.936,0.584,0.728,0.928,0.848,1,1,0,0.824,0.808,0.952,0.632,0.968,0.144,0.48,0.248,0.984,0.76,0.84,1,0.856,0.872,0.648,1,0.952,0.856,1,0.968,0.936,0.792,0.888,0.352,0.536,0.944,0.656,0.92,0.816,0.712,0.712,0.896,0.968
HD8,16,20,"[16,20]",0.936,0.584,0.728,0.928,0.848,1,1,0,0.824,0.808,0.952,0.632,0.968,0.144,0.48,0.248,0.984,0.76,0.84,1,0.856,0.872,0.648,1,0.952,0.856,1,0.968,0.936,0.792,0.888,0.352,0.536,0.944,0.656,0.92,0.816,0.712,0.712,0.896,0.968
EDU9,16,20,"[16,20]",0.064,0.416,0.272,0.072,0.152,0,0,1,0.176,0.192,0.048,0.368,0.032,0.856,0.52,0.752,0.016,0.24,0.16,0,0.144,0.128,0.352,0,0.048,0.144,0,0.032,0.064,0.208,0.112,0.648,0.464,0.056,0.344,0.08,0.184,0.288,0.288,0.104,0.032
EDU10,16,20,"[16,20]",0.824,0.44,0.712,0.784,0.704,0.824,0.824,0.176,1,0.728,0.776,0.616,0.792,0.256,0.464,0.36,0.808,0.712,0.76,0.824,0.744,0.696,0.632,0.824,0.808,0.744,0.824,0.792,0.76,0.648,0.744,0.432,0.584,0.8,0.608,0.744,0.736,0.664,0.568,0.72,0.792
EDU11,16,20,"[16,20]",0.808,0.552,0.632,0.768,0.688,0.808,0.808,0.192,0.728,1,0.792,0.6,0.808,0.24,0.416,0.376,0.792,0.6,0.744,0.808,0.696,0.776,0.552,0.808,0.856,0.76,0.808,0.808,0.808,0.76,0.76,0.448,0.6,0.784,0.56,0.728,0.688,0.648,0.616,0.8,0.776
EDU12,16,20,"[16,20]",0.888,0.568,0.712,0.88,0.8,0.952,0.952,0.048,0.776,0.792,1,0.648,0.92,0.192,0.464,0.296,0.936,0.744,0.824,0.952,0.84,0.856,0.632,0.952,0.904,0.84,0.952,0.952,0.92,0.808,0.84,0.336,0.552,0.896,0.672,0.872,0.8,0.728,0.696,0.88,0.92
EDU13,16,20,"[16,20]",0.632,0.536,0.616,0.592,0.544,0.632,0.632,0.368,0.616,0.6,0.648,1,0.6,0.352,0.464,0.424,0.616,0.488,0.632,0.632,0.648,0.664,0.536,0.632,0.616,0.584,0.632,0.632,0.632,0.744,0.616,0.4,0.584,0.64,0.512,0.616,0.576,0.664,0.6,0.656,0.6
EDU14,16,20,"[16,20]",0.904,0.584,0.696,0.896,0.848,0.968,0.968,0.032,0.792,0.808,0.92,0.6,1,0.176,0.48,0.28,0.952,0.76,0.808,0.968,0.824,0.872,0.648,0.968,0.92,0.824,0.968,0.936,0.936,0.792,0.856,0.384,0.504,0.912,0.656,0.888,0.784,0.68,0.712,0.896,0.936
EDU15,16,20,"[16,20]",0.208,0.432,0.384,0.216,0.2,0.144,0.144,0.856,0.256,0.24,0.192,0.352,0.176,1,0.472,0.736,0.128,0.288,0.24,0.144,0.288,0.24,0.4,0.144,0.192,0.256,0.144,0.176,0.208,0.288,0.256,0.568,0.416,0.168,0.456,0.16,0.328,0.272,0.4,0.248,0.144
EDU16,16,20,"[16,20]",0.48,0.448,0.496,0.52,0.536,0.48,0.48,0.52,0.464,0.416,0.464,0.464,0.48,0.472,1,0.56,0.496,0.496,0.48,0.48,0.432,0.512,0.448,0.48,0.464,0.528,0.48,0.512,0.544,0.464,0.4,0.488,0.56,0.44,0.472,0.528,0.44,0.512,0.416,0.52,0.512
EDU17,16,20,"[16,20]",0.312,0.6,0.392,0.272,0.32,0.248,0.248,0.752,0.36,0.376,0.296,0.424,0.28,0.736,0.56,1,0.232,0.392,0.312,0.248,0.328,0.376,0.472,0.248,0.296,0.36,0.248,0.28,0.248,0.36,0.328,0.656,0.616,0.224,0.288,0.264,0.416,0.44,0.376,0.304,0.216
FAM18,16,20,"[16,20]",0.92,0.6,0.712,0.912,0.832,0.984,0.984,0.016,0.808,0.792,0.936,0.616,0.952,0.128,0.496,0.232,1,0.744,0.856,0.984,0.84,0.856,0.664,0.984,0.936,0.84,0.984,0.952,0.92,0.776,0.872,0.368,0.52,0.928,0.64,0.936,0.8,0.696,0.696,0.88,0.952
FAM19,16,20,"[16,20]",0.728,0.472,0.616,0.72,0.672,0.76,0.76,0.24,0.712,0.6,0.744,0.488,0.76,0.288,0.496,0.392,0.744,1,0.664,0.76,0.744,0.696,0.536,0.76,0.712,0.648,0.76,0.728,0.696,0.552,0.68,0.432,0.616,0.736,0.544,0.712,0.64,0.6,0.6,0.656,0.76
FAM20,16,20,"[16,20]",0.84,0.648,0.664,0.8,0.688,0.84,0.84,0.16,0.76,0.744,0.824,0.632,0.808,0.24,0.48,0.312,0.856,0.664,1,0.84,0.728,0.744,0.616,0.84,0.824,0.696,0.84,0.808,0.776,0.728,0.728,0.384,0.536,0.784,0.656,0.792,0.72,0.648,0.68,0.768,0.808
FAM21,16,20,"[16,20]",0.936,0.584,0.728,0.928,0.848,1,1,0,0.824,0.808,0.952,0.632,0.968,0.144,0.48,0.248,0.984,0.76,0.84,1,0.856,0.872,0.648,1,0.952,0.856,1,0.968,0.936,0.792,0.888,0.352,0.536,0.944,0.656,0.92,0.816,0.712,0.712,0.896,0.968
UTL22,16,20,"[16,20]",0.792,0.536,0.616,0.784,0.768,0.856,0.856,0.144,0.744,0.696,0.84,0.648,0.824,0.288,0.432,0.328,0.84,0.744,0.728,0.856,1,0.824,0.536,0.856,0.808,0.744,0.856,0.856,0.824,0.712,0.84,0.336,0.552,0.864,0.608,0.808,0.736,0.664,0.632,0.816,0.824
UTL23,16,20,"[16,20]",0.872,0.552,0.632,0.8,0.752,0.872,0.872,0.128,0.696,0.776,0.856,0.664,0.872,0.24,0.512,0.376,0.856,0.696,0.744,0.872,0.824,1,0.584,0.872,0.856,0.76,0.872,0.872,0.872,0.76,0.792,0.384,0.536,0.848,0.592,0.824,0.752,0.744,0.68,0.896,0.84
PAR25,16,20,"[16,20]",0.648,0.584,0.504,0.672,0.56,0.648,0.648,0.352,0.632,0.552,0.632,0.536,0.648,0.4,0.448,0.472,0.664,0.536,0.616,0.648,0.536,0.584,1,0.648,0.6,0.632,0.648,0.616,0.584,0.6,0.6,0.544,0.44,0.592,0.592,0.664,0.624,0.616,0.552,0.576,0.616
PAR26,16,20,"[16,20]",0.936,0.584,0.728,0.928,0.848,1,1,0,0.824,0.808,0.952,0.632,0.968,0.144,0.48,0.248,0.984,0.76,0.84,1,0.856,0.872,0.648,1,0.952,0.856,1,0.968,0.936,0.792,0.888,0.352,0.536,0.944,0.656,0.92,0.816,0.712,0.712,0.896,0.968
PAR27,16,20,"[16,20]",0.92,0.6,0.712,0.88,0.8,0.952,0.952,0.048,0.808,0.856,0.904,0.616,0.92,0.192,0.464,0.296,0.936,0.712,0.824,0.952,0.808,0.856,0.6,0.952,1,0.84,0.952,0.92,0.888,0.776,0.84,0.4,0.552,0.896,0.608,0.872,0.8,0.696,0.664,0.88,0.92
CAD28,16,20,"[16,20]",0.792,0.536,0.648,0.848,0.704,0.856,0.856,0.144,0.744,0.76,0.84,0.584,0.824,0.256,0.528,0.36,0.84,0.648,0.696,0.856,0.744,0.76,0.632,0.856,0.84,1,0.856,0.888,0.824,0.744,0.744,0.4,0.52,0.832,0.576,0.776,0.672,0.632,0.568,0.784,0.824
CAD29,16,20,"[16,20]",0.936,0.584,0.728,0.928,0.848,1,1,0,0.824,0.808,0.952,0.632,0.968,0.144,0.48,0.248,0.984,0.76,0.84,1,0.856,0.872,0.648,1,0.952,0.856,1,0.968,0.936,0.792,0.888,0.352,0.536,0.944,0.656,0.92,0.816,0.712,0.712,0.896,0.968
CAD30,16,20,"[16,20]",0.904,0.552,0.696,0.896,0.816,0.968,0.968,0.032,0.792,0.808,0.952,0.632,0.936,0.176,0.512,0.28,0.952,0.728,0.808,0.968,0.856,0.872,0.616,0.968,0.92,0.888,0.968,1,0.936,0.824,0.856,0.352,0.568,0.912,0.656,0.888,0.784,0.712,0.68,0.896,0.936
CAD31,16,20,"[16,20]",0.872,0.52,0.696,0.896,0.816,0.936,0.936,0.064,0.76,0.808,0.92,0.632,0.936,0.208,0.544,0.248,0.92,0.696,0.776,0.936,0.824,0.872,0.584,0.936,0.888,0.824,0.936,0.936,1,0.792,0.824,0.32,0.504,0.88,0.656,0.856,0.752,0.68,0.68,0.896,0.904
CAD32,16,20,"[16,20]",0.728,0.536,0.68,0.72,0.64,0.792,0.792,0.208,0.648,0.76,0.808,0.744,0.792,0.288,0.464,0.36,0.776,0.552,0.728,0.792,0.712,0.76,0.6,0.792,0.776,0.744,0.792,0.824,0.792,1,0.68,0.432,0.552,0.736,0.672,0.744,0.64,0.696,0.696,0.784,0.76
CAD33,16,20,"[16,20]",0.824,0.6,0.616,0.816,0.768,0.888,0.888,0.112,0.744,0.76,0.84,0.616,0.856,0.256,0.4,0.328,0.872,0.68,0.728,0.888,0.84,0.792,0.6,0.888,0.84,0.744,0.888,0.856,0.824,0.68,1,0.336,0.616,0.864,0.576,0.808,0.768,0.632,0.696,0.784,0.856
CAD34,16,20,"[16,20]",0.352,0.608,0.432,0.392,0.44,0.352,0.352,0.648,0.432,0.448,0.336,0.4,0.384,0.568,0.488,0.656,0.368,0.432,0.384,0.352,0.336,0.384,0.544,0.352,0.4,0.4,0.352,0.352,0.32,0.432,0.336,1,0.56,0.376,0.408,0.368,0.376,0.512,0.352,0.392,0.352
CAD35,16,20,"[16,20]",0.536,0.536,0.456,0.496,0.512,0.536,0.536,0.464,0.584,0.6,0.552,0.584,0.504,0.416,0.56,0.616,0.52,0.616,0.536,0.536,0.552,0.536,0.44,0.536,0.552,0.52,0.536,0.568,0.504,0.552,0.616,0.56,1,0.544,0.48,0.52,0.512,0.568,0.536,0.528,0.504
PRO36,16,20,"[16,20]",0.88,0.56,0.672,0.888,0.84,0.944,0.944,0.056,0.8,0.784,0.896,0.64,0.912,0.168,0.44,0.224,0.928,0.736,0.784,0.944,0.864,0.848,0.592,0.944,0.896,0.832,0.944,0.912,0.88,0.736,0.864,0.376,0.544,1,0.648,0.864,0.776,0.688,0.656,0.856,0.912
PRO37,16,20,"[16,20]",0.656,0.4,0.672,0.664,0.616,0.656,0.656,0.344,0.608,0.56,0.672,0.512,0.656,0.456,0.472,0.288,0.64,0.544,0.656,0.656,0.608,0.592,0.592,0.656,0.608,0.576,0.656,0.656,0.656,0.672,0.576,0.408,0.48,0.648,1,0.64,0.648,0.528,0.56,0.696,0.624
PRO38,16,20,"[16,20]",0.888,0.568,0.68,0.848,0.832,0.92,0.92,0.08,0.744,0.728,0.872,0.616,0.888,0.16,0.528,0.264,0.936,0.712,0.792,0.92,0.808,0.824,0.664,0.92,0.872,0.776,0.92,0.888,0.856,0.744,0.808,0.368,0.52,0.864,0.64,1,0.832,0.696,0.696,0.848,0.92
PRO39,16,20,"[16,20]",0.88,0.496,0.672,0.792,0.712,0.816,0.816,0.184,0.736,0.688,0.8,0.576,0.784,0.328,0.44,0.416,0.8,0.64,0.72,0.816,0.736,0.752,0.624,0.816,0.8,0.672,0.816,0.784,0.752,0.64,0.768,0.376,0.512,0.776,0.648,0.832,1,0.624,0.656,0.792,0.784
PAT40,16,20,"[16,20]",0.68,0.52,0.536,0.64,0.72,0.712,0.712,0.288,0.664,0.648,0.728,0.664,0.68,0.272,0.512,0.44,0.696,0.6,0.648,0.712,0.664,0.744,0.616,0.712,0.696,0.632,0.712,0.712,0.68,0.696,0.632,0.512,0.568,0.688,0.528,0.696,0.624,1,0.616,0.736,0.744
PAT41,16,20,"[16,20]",0.712,0.52,0.632,0.704,0.624,0.712,0.712,0.288,0.568,0.616,0.696,0.6,0.712,0.4,0.416,0.376,0.696,0.6,0.68,0.712,0.632,0.68,0.552,0.712,0.664,0.568,0.712,0.68,0.68,0.696,0.696,0.352,0.536,0.656,0.56,0.696,0.656,0.616,1,0.672,0.712
PAT42,16,20,"[16,20]",0.896,0.512,0.688,0.84,0.792,0.896,0.896,0.104,0.72,0.8,0.88,0.656,0.896,0.248,0.52,0.304,0.88,0.656,0.768,0.896,0.816,0.896,0.576,0.896,0.88,0.784,0.896,0.896,0.896,0.784,0.784,0.392,0.528,0.856,0.696,0.848,0.792,0.736,0.672,1,0.864
PAT43,16,20,"[16,20]",0.904,0.552,0.696,0.896,0.848,0.968,0.968,0.032,0.792,0.776,0.92,0.6,0.936,0.144,0.512,0.216,0.952,0.76,0.808,0.968,0.824,0.84,0.616,0.968,0.92,0.824,0.968,0.936,0.904,0.76,0.856,0.352,0.504,0.912,0.624,0.92,0.784,0.744,0.712,0.864,1
HD1,17,21,"[17,21]",1,0.36,0.312,0.552,0.52,0.808,0.776,0.176,0.536,0.68,0.616,0.472,0.456,0.224,0.528,0.352,0.72,0.432,0.68,0.696,0.44,0.608,0.6,0.68,0.776,0.536,0.744,0.744,0.824,0.584,0.664,0.336,0.616,0.808,0.512,0.568,0.488,0.608,0.648,0.648,0.568
HD2,17,21,"[17,21]",0.36,1,0.6,0.488,0.456,0.328,0.36,0.688,0.504,0.456,0.392,0.632,0.52,0.608,0.528,0.608,0.4,0.56,0.424,0.376,0.568,0.48,0.408,0.424,0.36,0.568,0.392,0.456,0.344,0.456,0.408,0.56,0.52,0.392,0.512,0.6,0.552,0.416,0.424,0.424,0.536
HD3,17,21,"[17,21]",0.312,0.6,1,0.44,0.472,0.28,0.312,0.736,0.552,0.44,0.472,0.552,0.472,0.72,0.48,0.688,0.352,0.48,0.376,0.296,0.552,0.4,0.52,0.344,0.28,0.488,0.312,0.376,0.264,0.44,0.264,0.672,0.408,0.376,0.56,0.52,0.6,0.496,0.44,0.504,0.328
HD4,17,21,"[17,21]",0.552,0.488,0.44,1,0.52,0.616,0.552,0.368,0.536,0.52,0.584,0.408,0.488,0.416,0.528,0.416,0.656,0.56,0.584,0.6,0.504,0.544,0.568,0.584,0.616,0.536,0.52,0.712,0.632,0.552,0.536,0.464,0.616,0.52,0.416,0.408,0.392,0.608,0.488,0.456,0.536
HD5,17,21,"[17,21]",0.52,0.456,0.472,0.52,1,0.488,0.52,0.528,0.44,0.488,0.648,0.6,0.456,0.512,0.56,0.544,0.464,0.496,0.424,0.472,0.504,0.512,0.504,0.552,0.488,0.504,0.488,0.488,0.504,0.456,0.536,0.496,0.36,0.552,0.704,0.568,0.584,0.48,0.616,0.552,0.536
HD7,17,21,"[17,21]",0.808,0.328,0.28,0.616,0.488,1,0.904,0.016,0.632,0.744,0.68,0.472,0.52,0.096,0.464,0.288,0.88,0.496,0.84,0.856,0.376,0.64,0.6,0.744,0.936,0.44,0.84,0.84,0.952,0.744,0.824,0.208,0.68,0.808,0.384,0.568,0.456,0.64,0.712,0.616,0.632
HD8,17,21,"[17,21]",0.776,0.36,0.312,0.552,0.52,0.904,1,0.08,0.6,0.776,0.648,0.504,0.456,0.16,0.528,0.352,0.848,0.464,0.776,0.824,0.408,0.64,0.568,0.744,0.904,0.504,0.776,0.744,0.92,0.68,0.792,0.304,0.68,0.776,0.384,0.664,0.52,0.608,0.712,0.68,0.632
EDU9,17,21,"[17,21]",0.176,0.688,0.736,0.368,0.528,0.016,0.08,1,0.384,0.24,0.336,0.544,0.496,0.92,0.552,0.728,0.104,0.52,0.176,0.128,0.608,0.344,0.416,0.24,0.048,0.544,0.144,0.176,0.032,0.272,0.16,0.776,0.304,0.176,0.632,0.416,0.56,0.344,0.272,0.368,0.384
EDU10,17,21,"[17,21]",0.536,0.504,0.552,0.536,0.44,0.632,0.6,0.384,1,0.536,0.6,0.488,0.536,0.432,0.448,0.56,0.64,0.416,0.664,0.648,0.456,0.592,0.52,0.44,0.632,0.456,0.632,0.664,0.616,0.632,0.584,0.48,0.632,0.568,0.496,0.52,0.504,0.528,0.6,0.504,0.424
EDU11,17,21,"[17,21]",0.68,0.456,0.44,0.52,0.488,0.744,0.776,0.24,0.536,1,0.616,0.472,0.456,0.224,0.496,0.448,0.688,0.528,0.616,0.696,0.472,0.576,0.504,0.616,0.744,0.568,0.712,0.68,0.76,0.68,0.696,0.4,0.648,0.68,0.448,0.664,0.552,0.672,0.52,0.648,0.568
EDU12,17,21,"[17,21]",0.616,0.392,0.472,0.584,0.648,0.68,0.648,0.336,0.6,0.616,1,0.536,0.552,0.384,0.464,0.512,0.656,0.56,0.616,0.632,0.536,0.64,0.664,0.616,0.68,0.472,0.648,0.552,0.632,0.584,0.664,0.4,0.456,0.648,0.608,0.44,0.456,0.512,0.584,0.616,0.536
EDU13,17,21,"[17,21]",0.472,0.632,0.552,0.408,0.6,0.472,0.504,0.544,0.488,0.472,0.536,1,0.472,0.56,0.512,0.592,0.48,0.416,0.536,0.456,0.584,0.56,0.552,0.44,0.504,0.52,0.504,0.472,0.488,0.472,0.488,0.544,0.504,0.568,0.496,0.584,0.472,0.432,0.568,0.568,0.552
EDU14,17,21,"[17,21]",0.456,0.52,0.472,0.488,0.456,0.52,0.456,0.496,0.536,0.456,0.552,0.472,1,0.48,0.464,0.448,0.496,0.592,0.52,0.568,0.568,0.64,0.504,0.424,0.552,0.536,0.584,0.552,0.504,0.68,0.536,0.432,0.52,0.456,0.416,0.376,0.456,0.448,0.424,0.424,0.664
EDU15,17,21,"[17,21]",0.224,0.608,0.72,0.416,0.512,0.096,0.16,0.92,0.432,0.224,0.384,0.56,0.48,1,0.536,0.712,0.184,0.472,0.256,0.176,0.624,0.328,0.432,0.288,0.128,0.464,0.16,0.256,0.112,0.256,0.176,0.696,0.352,0.224,0.552,0.4,0.512,0.424,0.32,0.416,0.368
EDU16,17,21,"[17,21]",0.528,0.528,0.48,0.528,0.56,0.464,0.528,0.552,0.448,0.496,0.464,0.512,0.464,0.536,1,0.504,0.52,0.52,0.56,0.416,0.512,0.472,0.48,0.528,0.432,0.576,0.464,0.56,0.48,0.432,0.448,0.584,0.432,0.496,0.568,0.48,0.432,0.472,0.496,0.464,0.544
EDU17,17,21,"[17,21]",0.352,0.608,0.688,0.416,0.544,0.288,0.352,0.728,0.56,0.448,0.512,0.592,0.448,0.712,0.504,1,0.312,0.472,0.352,0.304,0.592,0.52,0.432,0.384,0.32,0.464,0.384,0.352,0.304,0.384,0.368,0.664,0.48,0.384,0.584,0.464,0.576,0.488,0.416,0.48,0.464
FAM18,17,21,"[17,21]",0.72,0.4,0.352,0.656,0.464,0.88,0.848,0.104,0.64,0.688,0.656,0.48,0.496,0.184,0.52,0.312,1,0.52,0.816,0.832,0.448,0.664,0.576,0.656,0.88,0.48,0.784,0.752,0.864,0.688,0.768,0.328,0.656,0.752,0.376,0.576,0.464,0.632,0.688,0.624,0.576
FAM19,17,21,"[17,21]",0.432,0.56,0.48,0.56,0.496,0.496,0.464,0.52,0.416,0.528,0.56,0.416,0.592,0.472,0.52,0.472,0.52,1,0.464,0.512,0.416,0.504,0.48,0.528,0.496,0.576,0.528,0.496,0.48,0.592,0.512,0.456,0.432,0.432,0.472,0.544,0.592,0.408,0.496,0.528,0.704
FAM20,17,21,"[17,21]",0.68,0.424,0.376,0.584,0.424,0.84,0.776,0.176,0.664,0.616,0.616,0.536,0.52,0.256,0.56,0.352,0.816,0.464,1,0.728,0.408,0.576,0.632,0.68,0.84,0.408,0.744,0.744,0.792,0.68,0.696,0.368,0.616,0.712,0.416,0.536,0.392,0.576,0.648,0.616,0.536
FAM21,17,21,"[17,21]",0.696,0.376,0.296,0.6,0.472,0.856,0.824,0.128,0.648,0.696,0.632,0.456,0.568,0.176,0.416,0.304,0.832,0.512,0.728,1,0.456,0.656,0.552,0.664,0.856,0.456,0.792,0.728,0.84,0.728,0.776,0.288,0.664,0.728,0.368,0.552,0.504,0.56,0.632,0.536,0.616
UTL22,17,21,"[17,21]",0.44,0.568,0.552,0.504,0.504,0.376,0.408,0.608,0.456,0.472,0.536,0.584,0.568,0.624,0.512,0.592,0.448,0.416,0.408,0.456,1,0.496,0.52,0.376,0.44,0.424,0.44,0.472,0.424,0.44,0.424,0.576,0.408,0.408,0.528,0.456,0.376,0.496,0.376,0.44,0.52
UTL23,17,21,"[17,21]",0.608,0.48,0.4,0.544,0.512,0.64,0.64,0.344,0.592,0.576,0.64,0.56,0.64,0.328,0.472,0.52,0.664,0.504,0.576,0.656,0.496,1,0.496,0.576,0.672,0.56,0.704,0.576,0.656,0.704,0.656,0.504,0.64,0.608,0.424,0.496,0.512,0.488,0.544,0.576,0.656
PAR25,17,21,"[17,21]",0.6,0.408,0.52,0.568,0.504,0.6,0.568,0.416,0.52,0.504,0.664,0.552,0.504,0.432,0.48,0.432,0.576,0.48,0.632,0.552,0.52,0.496,1,0.504,0.568,0.584,0.568,0.568,0.552,0.504,0.52,0.448,0.472,0.632,0.496,0.456,0.408,0.496,0.504,0.6,0.488
PAR26,17,21,"[17,21]",0.68,0.424,0.344,0.584,0.552,0.744,0.744,0.24,0.44,0.616,0.616,0.44,0.424,0.288,0.528,0.384,0.656,0.528,0.68,0.664,0.376,0.576,0.504,1,0.712,0.44,0.712,0.648,0.76,0.552,0.696,0.4,0.584,0.68,0.512,0.6,0.488,0.576,0.744,0.616,0.632
PAR27,17,21,"[17,21]",0.776,0.36,0.28,0.616,0.488,0.936,0.904,0.048,0.632,0.744,0.68,0.504,0.552,0.128,0.432,0.32,0.88,0.496,0.84,0.856,0.44,0.672,0.568,0.712,1,0.408,0.808,0.808,0.92,0.744,0.824,0.24,0.68,0.776,0.384,0.568,0.424,0.608,0.68,0.616,0.632
CAD28,17,21,"[17,21]",0.536,0.568,0.488,0.536,0.504,0.44,0.504,0.544,0.456,0.568,0.472,0.52,0.536,0.464,0.576,0.464,0.48,0.576,0.408,0.456,0.424,0.56,0.584,0.44,0.408,1,0.504,0.472,0.488,0.536,0.456,0.544,0.568,0.504,0.4,0.52,0.536,0.464,0.472,0.664,0.584
CAD29,17,21,"[17,21]",0.744,0.392,0.312,0.52,0.488,0.84,0.776,0.144,0.632,0.712,0.648,0.504,0.584,0.16,0.464,0.384,0.784,0.528,0.744,0.792,0.44,0.704,0.568,0.712,0.808,0.504,1,0.712,0.856,0.68,0.76,0.304,0.616,0.776,0.384,0.632,0.488,0.576,0.712,0.616,0.6
CAD30,17,21,"[17,21]",0.744,0.456,0.376,0.712,0.488,0.84,0.744,0.176,0.664,0.68,0.552,0.472,0.552,0.256,0.56,0.352,0.752,0.496,0.744,0.728,0.472,0.576,0.568,0.648,0.808,0.472,0.712,1,0.824,0.68,0.664,0.336,0.68,0.68,0.352,0.536,0.456,0.64,0.616,0.488,0.632
CAD31,17,21,"[17,21]",0.824,0.344,0.264,0.632,0.504,0.952,0.92,0.032,0.616,0.76,0.632,0.488,0.504,0.112,0.48,0.304,0.864,0.48,0.792,0.84,0.424,0.656,0.552,0.76,0.92,0.488,0.856,0.824,1,0.728,0.808,0.256,0.696,0.792,0.368,0.616,0.472,0.656,0.696,0.664,0.648
CAD32,17,21,"[17,21]",0.584,0.456,0.44,0.552,0.456,0.744,0.68,0.272,0.632,0.68,0.584,0.472,0.68,0.256,0.432,0.384,0.688,0.592,0.68,0.728,0.44,0.704,0.504,0.552,0.744,0.536,0.68,0.68,0.728,1,0.696,0.464,0.68,0.584,0.448,0.504,0.52,0.64,0.52,0.584,0.664
CAD33,17,21,"[17,21]",0.664,0.408,0.264,0.536,0.536,0.824,0.792,0.16,0.584,0.696,0.664,0.488,0.536,0.176,0.448,0.368,0.768,0.512,0.696,0.776,0.424,0.656,0.52,0.696,0.824,0.456,0.76,0.664,0.808,0.696,1,0.288,0.664,0.728,0.432,0.552,0.472,0.624,0.6,0.536,0.648
CAD34,17,21,"[17,21]",0.336,0.56,0.672,0.464,0.496,0.208,0.304,0.776,0.48,0.4,0.4,0.544,0.432,0.696,0.584,0.664,0.328,0.456,0.368,0.288,0.576,0.504,0.448,0.4,0.24,0.544,0.304,0.336,0.256,0.464,0.288,1,0.4,0.336,0.568,0.544,0.592,0.568,0.4,0.464,0.448
CAD35,17,21,"[17,21]",0.616,0.52,0.408,0.616,0.36,0.68,0.68,0.304,0.632,0.648,0.456,0.504,0.52,0.352,0.432,0.48,0.656,0.432,0.616,0.664,0.408,0.64,0.472,0.584,0.68,0.568,0.616,0.68,0.696,0.68,0.664,0.4,1,0.616,0.352,0.504,0.488,0.64,0.552,0.52,0.568
PRO36,17,21,"[17,21]",0.808,0.392,0.376,0.52,0.552,0.808,0.776,0.176,0.568,0.68,0.648,0.568,0.456,0.224,0.496,0.384,0.752,0.432,0.712,0.728,0.408,0.608,0.632,0.68,0.776,0.504,0.776,0.68,0.792,0.584,0.728,0.336,0.616,1,0.448,0.6,0.488,0.608,0.744,0.648,0.504
PRO37,17,21,"[17,21]",0.512,0.512,0.56,0.416,0.704,0.384,0.384,0.632,0.496,0.448,0.608,0.496,0.416,0.552,0.568,0.584,0.376,0.472,0.416,0.368,0.528,0.424,0.496,0.512,0.384,0.4,0.384,0.352,0.368,0.448,0.432,0.568,0.352,0.448,1,0.496,0.48,0.392,0.544,0.448,0.432
PRO38,17,21,"[17,21]",0.568,0.6,0.52,0.408,0.568,0.568,0.664,0.416,0.52,0.664,0.44,0.584,0.376,0.4,0.48,0.464,0.576,0.544,0.536,0.552,0.456,0.496,0.456,0.6,0.568,0.52,0.632,0.536,0.616,0.504,0.552,0.544,0.504,0.6,0.496,1,0.696,0.56,0.696,0.632,0.52
PRO39,17,21,"[17,21]",0.488,0.552,0.6,0.392,0.584,0.456,0.52,0.56,0.504,0.552,0.456,0.472,0.456,0.512,0.432,0.576,0.464,0.592,0.392,0.504,0.376,0.512,0.408,0.488,0.424,0.536,0.488,0.456,0.472,0.52,0.472,0.592,0.488,0.488,0.48,0.696,1,0.512,0.584,0.584,0.472
PAT40,17,21,"[17,21]",0.608,0.416,0.496,0.608,0.48,0.64,0.608,0.344,0.528,0.672,0.512,0.432,0.448,0.424,0.472,0.488,0.632,0.408,0.576,0.56,0.496,0.488,0.496,0.576,0.608,0.464,0.576,0.64,0.656,0.64,0.624,0.568,0.64,0.608,0.392,0.56,0.512,1,0.576,0.544,0.432
PAT41,17,21,"[17,21]",0.648,0.424,0.44,0.488,0.616,0.712,0.712,0.272,0.6,0.52,0.584,0.568,0.424,0.32,0.496,0.416,0.688,0.496,0.648,0.632,0.376,0.544,0.504,0.744,0.68,0.472,0.712,0.616,0.696,0.52,0.6,0.4,0.552,0.744,0.544,0.696,0.584,0.576,1,0.648,0.472
PAT42,17,21,"[17,21]",0.648,0.424,0.504,0.456,0.552,0.616,0.68,0.368,0.504,0.648,0.616,0.568,0.424,0.416,0.464,0.48,0.624,0.528,0.616,0.536,0.44,0.576,0.6,0.616,0.616,0.664,0.616,0.488,0.664,0.584,0.536,0.464,0.52,0.648,0.448,0.632,0.584,0.544,0.648,1,0.568
PAT43,17,21,"[17,21]",0.568,0.536,0.328,0.536,0.536,0.632,0.632,0.384,0.424,0.568,0.536,0.552,0.664,0.368,0.544,0.464,0.576,0.704,0.536,0.616,0.52,0.656,0.488,0.632,0.632,0.584,0.6,0.632,0.648,0.664,0.648,0.448,0.568,0.504,0.432,0.52,0.472,0.432,0.472,0.568,1
HD1,18,22,"[18,22]",1,0.384,0.512,0.512,0.448,0.568,0.584,0.368,0.568,0.552,0.6,0.48,0.392,0.44,0.536,0.352,0.52,0.52,0.584,0.504,0.4,0.416,0.504,0.608,0.688,0.408,0.584,0.568,0.632,0.584,0.528,0.448,0.48,0.552,0.456,0.584,0.344,0.44,0.528,0.512,0.536
HD2,18,22,"[18,22]",0.384,1,0.52,0.616,0.488,0.336,0.32,0.696,0.624,0.416,0.368,0.68,0.544,0.688,0.432,0.552,0.416,0.544,0.384,0.56,0.696,0.456,0.496,0.36,0.312,0.752,0.416,0.4,0.304,0.384,0.408,0.584,0.488,0.448,0.544,0.384,0.528,0.368,0.408,0.584,0.56
HD3,18,22,"[18,22]",0.512,0.52,1,0.648,0.52,0.464,0.352,0.632,0.432,0.416,0.4,0.616,0.384,0.592,0.56,0.616,0.416,0.32,0.448,0.464,0.536,0.392,0.656,0.36,0.376,0.496,0.352,0.4,0.4,0.512,0.408,0.648,0.52,0.384,0.544,0.416,0.592,0.464,0.472,0.552,0.496
HD4,18,22,"[18,22]",0.512,0.616,0.648,1,0.488,0.336,0.256,0.824,0.56,0.352,0.24,0.616,0.416,0.688,0.592,0.712,0.256,0.512,0.288,0.464,0.664,0.424,0.592,0.232,0.28,0.624,0.288,0.336,0.208,0.32,0.376,0.616,0.52,0.256,0.48,0.256,0.56,0.336,0.344,0.584,0.496
HD5,18,22,"[18,22]",0.448,0.488,0.52,0.488,1,0.432,0.512,0.504,0.528,0.608,0.496,0.552,0.512,0.496,0.432,0.52,0.448,0.512,0.512,0.464,0.568,0.552,0.528,0.52,0.504,0.496,0.448,0.496,0.528,0.544,0.504,0.584,0.552,0.48,0.448,0.512,0.56,0.528,0.44,0.424,0.528
HD7,18,22,"[18,22]",0.568,0.336,0.464,0.336,0.432,1,0.824,0.16,0.36,0.696,0.808,0.432,0.568,0.296,0.456,0.336,0.696,0.6,0.792,0.616,0.256,0.592,0.424,0.752,0.736,0.456,0.728,0.648,0.808,0.696,0.544,0.336,0.464,0.76,0.568,0.76,0.392,0.648,0.608,0.336,0.552
HD8,18,22,"[18,22]",0.584,0.32,0.352,0.256,0.512,0.824,1,0.08,0.408,0.744,0.856,0.352,0.584,0.248,0.44,0.288,0.712,0.616,0.808,0.632,0.304,0.608,0.408,0.8,0.848,0.344,0.808,0.728,0.888,0.68,0.624,0.256,0.416,0.84,0.52,0.776,0.408,0.664,0.72,0.384,0.6
EDU9,18,22,"[18,22]",0.368,0.696,0.632,0.824,0.504,0.16,0.08,1,0.64,0.272,0.064,0.696,0.432,0.8,0.608,0.792,0.208,0.432,0.112,0.448,0.776,0.408,0.64,0.12,0.104,0.64,0.176,0.224,0.064,0.24,0.424,0.76,0.6,0.144,0.464,0.144,0.64,0.32,0.264,0.664,0.416
EDU10,18,22,"[18,22]",0.568,0.624,0.432,0.56,0.528,0.36,0.408,0.64,1,0.472,0.392,0.528,0.472,0.616,0.52,0.464,0.472,0.536,0.376,0.52,0.704,0.4,0.552,0.368,0.416,0.52,0.504,0.52,0.424,0.312,0.448,0.56,0.624,0.472,0.472,0.408,0.52,0.456,0.416,0.592,0.52
EDU11,18,22,"[18,22]",0.552,0.416,0.416,0.352,0.608,0.696,0.744,0.272,0.472,1,0.728,0.48,0.712,0.408,0.408,0.384,0.584,0.68,0.648,0.6,0.4,0.608,0.472,0.672,0.72,0.504,0.68,0.6,0.696,0.616,0.56,0.448,0.48,0.68,0.552,0.648,0.472,0.536,0.624,0.352,0.6
EDU12,18,22,"[18,22]",0.6,0.368,0.4,0.24,0.496,0.808,0.856,0.064,0.392,0.728,1,0.336,0.568,0.232,0.36,0.208,0.728,0.568,0.824,0.552,0.256,0.56,0.392,0.848,0.832,0.36,0.76,0.776,0.904,0.76,0.544,0.272,0.4,0.824,0.568,0.856,0.392,0.648,0.704,0.368,0.648
EDU13,18,22,"[18,22]",0.48,0.68,0.616,0.616,0.552,0.432,0.352,0.696,0.528,0.48,0.336,1,0.448,0.624,0.528,0.648,0.352,0.48,0.352,0.528,0.664,0.488,0.656,0.36,0.408,0.656,0.384,0.272,0.336,0.416,0.536,0.648,0.616,0.384,0.48,0.384,0.56,0.464,0.408,0.52,0.464
EDU14,18,22,"[18,22]",0.392,0.544,0.384,0.416,0.512,0.568,0.584,0.432,0.472,0.712,0.568,0.448,1,0.472,0.44,0.448,0.552,0.68,0.52,0.568,0.4,0.576,0.44,0.544,0.528,0.6,0.552,0.536,0.536,0.52,0.432,0.512,0.416,0.616,0.616,0.552,0.472,0.44,0.528,0.416,0.504
EDU15,18,22,"[18,22]",0.44,0.688,0.592,0.688,0.496,0.296,0.248,0.8,0.616,0.408,0.232,0.624,0.472,1,0.552,0.656,0.376,0.536,0.312,0.456,0.672,0.368,0.552,0.304,0.256,0.68,0.312,0.36,0.232,0.344,0.448,0.624,0.656,0.312,0.504,0.248,0.52,0.328,0.384,0.624,0.456
EDU16,18,22,"[18,22]",0.536,0.432,0.56,0.592,0.432,0.456,0.44,0.608,0.52,0.408,0.36,0.528,0.44,0.552,1,0.688,0.44,0.472,0.408,0.552,0.576,0.528,0.584,0.432,0.416,0.488,0.376,0.488,0.36,0.472,0.544,0.528,0.496,0.376,0.568,0.44,0.52,0.52,0.416,0.688,0.488
EDU17,18,22,"[18,22]",0.352,0.552,0.616,0.712,0.52,0.336,0.288,0.792,0.464,0.384,0.208,0.648,0.448,0.656,0.688,1,0.32,0.48,0.256,0.464,0.728,0.552,0.656,0.2,0.312,0.592,0.352,0.304,0.208,0.384,0.472,0.648,0.616,0.32,0.544,0.288,0.592,0.432,0.376,0.68,0.432
FAM18,18,22,"[18,22]",0.52,0.416,0.416,0.256,0.448,0.696,0.712,0.208,0.472,0.584,0.728,0.352,0.552,0.376,0.44,0.32,1,0.584,0.808,0.472,0.368,0.48,0.44,0.736,0.688,0.408,0.648,0.6,0.76,0.616,0.528,0.384,0.512,0.712,0.584,0.776,0.44,0.6,0.688,0.448,0.504
FAM19,18,22,"[18,22]",0.52,0.544,0.32,0.512,0.512,0.6,0.616,0.432,0.536,0.68,0.568,0.48,0.68,0.536,0.472,0.48,0.584,1,0.52,0.504,0.464,0.544,0.344,0.512,0.592,0.6,0.616,0.568,0.536,0.52,0.4,0.352,0.48,0.584,0.552,0.52,0.376,0.472,0.464,0.512,0.568
FAM20,18,22,"[18,22]",0.584,0.384,0.448,0.288,0.512,0.792,0.808,0.112,0.376,0.648,0.824,0.352,0.52,0.312,0.408,0.256,0.808,0.52,1,0.536,0.272,0.544,0.376,0.832,0.784,0.472,0.744,0.664,0.856,0.712,0.496,0.352,0.48,0.744,0.52,0.776,0.44,0.568,0.72,0.352,0.504
FAM21,18,22,"[18,22]",0.504,0.56,0.464,0.464,0.464,0.616,0.632,0.448,0.52,0.6,0.552,0.528,0.568,0.456,0.552,0.464,0.472,0.504,0.536,1,0.448,0.496,0.488,0.528,0.576,0.424,0.536,0.52,0.552,0.44,0.576,0.528,0.432,0.568,0.504,0.536,0.552,0.488,0.608,0.496,0.552
UTL22,18,22,"[18,22]",0.4,0.696,0.536,0.664,0.568,0.256,0.304,0.776,0.704,0.4,0.256,0.664,0.4,0.672,0.576,0.728,0.368,0.464,0.272,0.448,1,0.472,0.672,0.28,0.328,0.576,0.336,0.416,0.256,0.304,0.52,0.632,0.696,0.336,0.464,0.304,0.64,0.48,0.424,0.696,0.48
UTL23,18,22,"[18,22]",0.416,0.456,0.392,0.424,0.552,0.592,0.608,0.408,0.4,0.608,0.56,0.488,0.576,0.368,0.528,0.552,0.48,0.544,0.544,0.496,0.472,1,0.496,0.52,0.568,0.592,0.576,0.496,0.56,0.512,0.472,0.424,0.392,0.576,0.512,0.544,0.496,0.624,0.504,0.52,0.56
PAR25,18,22,"[18,22]",0.504,0.496,0.656,0.592,0.528,0.424,0.408,0.64,0.552,0.472,0.392,0.656,0.44,0.552,0.584,0.656,0.44,0.344,0.376,0.488,0.672,0.496,1,0.368,0.416,0.52,0.344,0.392,0.392,0.408,0.576,0.624,0.56,0.376,0.568,0.44,0.552,0.52,0.448,0.656,0.488
PAR26,18,22,"[18,22]",0.608,0.36,0.36,0.232,0.52,0.752,0.8,0.12,0.368,0.672,0.848,0.36,0.544,0.304,0.432,0.2,0.736,0.512,0.832,0.528,0.28,0.52,0.368,1,0.792,0.368,0.736,0.688,0.848,0.672,0.6,0.296,0.456,0.768,0.48,0.736,0.432,0.592,0.696,0.392,0.56
PAR27,18,22,"[18,22]",0.688,0.312,0.376,0.28,0.504,0.736,0.848,0.104,0.416,0.72,0.832,0.408,0.528,0.256,0.416,0.312,0.688,0.592,0.784,0.576,0.328,0.568,0.416,0.792,1,0.352,0.816,0.736,0.864,0.656,0.552,0.28,0.472,0.752,0.464,0.752,0.32,0.64,0.744,0.408,0.544
CAD28,18,22,"[18,22]",0.408,0.752,0.496,0.624,0.496,0.456,0.344,0.64,0.52,0.504,0.36,0.656,0.6,0.68,0.488,0.592,0.408,0.6,0.472,0.424,0.576,0.592,0.52,0.368,0.352,1,0.408,0.392,0.36,0.408,0.384,0.56,0.464,0.408,0.536,0.408,0.424,0.392,0.384,0.432,0.488
CAD29,18,22,"[18,22]",0.584,0.416,0.352,0.288,0.448,0.728,0.808,0.176,0.504,0.68,0.76,0.384,0.552,0.312,0.376,0.352,0.648,0.616,0.744,0.536,0.336,0.576,0.344,0.736,0.816,0.408,1,0.728,0.824,0.616,0.496,0.224,0.448,0.808,0.52,0.712,0.44,0.632,0.656,0.416,0.568
CAD30,18,22,"[18,22]",0.568,0.4,0.4,0.336,0.496,0.648,0.728,0.224,0.52,0.6,0.776,0.272,0.536,0.36,0.488,0.304,0.6,0.568,0.664,0.52,0.416,0.496,0.392,0.688,0.736,0.392,0.728,1,0.776,0.664,0.48,0.368,0.496,0.664,0.6,0.696,0.392,0.584,0.576,0.464,0.552
CAD31,18,22,"[18,22]",0.632,0.304,0.4,0.208,0.528,0.808,0.888,0.064,0.424,0.696,0.904,0.336,0.536,0.232,0.36,0.208,0.76,0.536,0.856,0.552,0.256,0.56,0.392,0.848,0.864,0.36,0.824,0.776,1,0.696,0.576,0.304,0.432,0.792,0.536,0.856,0.424,0.68,0.704,0.368,0.584
CAD32,18,22,"[18,22]",0.584,0.384,0.512,0.32,0.544,0.696,0.68,0.24,0.312,0.616,0.76,0.416,0.52,0.344,0.472,0.384,0.616,0.52,0.712,0.44,0.304,0.512,0.408,0.672,0.656,0.408,0.616,0.664,0.696,1,0.496,0.416,0.448,0.648,0.616,0.712,0.44,0.504,0.528,0.352,0.504
CAD33,18,22,"[18,22]",0.528,0.408,0.408,0.376,0.504,0.544,0.624,0.424,0.448,0.56,0.544,0.536,0.432,0.448,0.544,0.472,0.528,0.4,0.496,0.576,0.52,0.472,0.576,0.6,0.552,0.384,0.496,0.48,0.576,0.496,1,0.504,0.568,0.528,0.464,0.592,0.512,0.608,0.584,0.536,0.48
CAD34,18,22,"[18,22]",0.448,0.584,0.648,0.616,0.584,0.336,0.256,0.76,0.56,0.448,0.272,0.648,0.512,0.624,0.528,0.648,0.384,0.352,0.352,0.528,0.632,0.424,0.624,0.296,0.28,0.56,0.224,0.368,0.304,0.416,0.504,1,0.648,0.256,0.576,0.352,0.624,0.368,0.408,0.488,0.4
CAD35,18,22,"[18,22]",0.48,0.488,0.52,0.52,0.552,0.464,0.416,0.6,0.624,0.48,0.4,0.616,0.416,0.656,0.496,0.616,0.512,0.48,0.48,0.432,0.696,0.392,0.56,0.456,0.472,0.464,0.448,0.496,0.432,0.448,0.568,0.648,1,0.416,0.544,0.352,0.592,0.528,0.536,0.552,0.336
PRO36,18,22,"[18,22]",0.552,0.448,0.384,0.256,0.48,0.76,0.84,0.144,0.472,0.68,0.824,0.384,0.616,0.312,0.376,0.32,0.712,0.584,0.744,0.568,0.336,0.576,0.376,0.768,0.752,0.408,0.808,0.664,0.792,0.648,0.528,0.256,0.416,1,0.52,0.744,0.44,0.632,0.656,0.416,0.632
PRO37,18,22,"[18,22]",0.456,0.544,0.544,0.48,0.448,0.568,0.52,0.464,0.472,0.552,0.568,0.48,0.616,0.504,0.568,0.544,0.584,0.552,0.52,0.504,0.464,0.512,0.568,0.48,0.464,0.536,0.52,0.6,0.536,0.616,0.464,0.576,0.544,0.52,1,0.52,0.504,0.44,0.56,0.544,0.504
PRO38,18,22,"[18,22]",0.584,0.384,0.416,0.256,0.512,0.76,0.776,0.144,0.408,0.648,0.856,0.384,0.552,0.248,0.44,0.288,0.776,0.52,0.776,0.536,0.304,0.544,0.44,0.736,0.752,0.408,0.712,0.696,0.856,0.712,0.592,0.352,0.352,0.744,0.52,1,0.44,0.664,0.624,0.384,0.6
PRO39,18,22,"[18,22]",0.344,0.528,0.592,0.56,0.56,0.392,0.408,0.64,0.52,0.472,0.392,0.56,0.472,0.52,0.52,0.592,0.44,0.376,0.44,0.552,0.64,0.496,0.552,0.432,0.32,0.424,0.44,0.392,0.424,0.44,0.512,0.624,0.592,0.44,0.504,0.44,1,0.584,0.512,0.528,0.488
PAT40,18,22,"[18,22]",0.44,0.368,0.464,0.336,0.528,0.648,0.664,0.32,0.456,0.536,0.648,0.464,0.44,0.328,0.52,0.432,0.6,0.472,0.568,0.488,0.48,0.624,0.52,0.592,0.64,0.392,0.632,0.584,0.68,0.504,0.608,0.368,0.528,0.632,0.44,0.664,0.584,1,0.608,0.464,0.488
PAT41,18,22,"[18,22]",0.528,0.408,0.472,0.344,0.44,0.608,0.72,0.264,0.416,0.624,0.704,0.408,0.528,0.384,0.416,0.376,0.688,0.464,0.72,0.608,0.424,0.504,0.448,0.696,0.744,0.384,0.656,0.576,0.704,0.528,0.584,0.408,0.536,0.656,0.56,0.624,0.512,0.608,1,0.408,0.576
PAT42,18,22,"[18,22]",0.512,0.584,0.552,0.584,0.424,0.336,0.384,0.664,0.592,0.352,0.368,0.52,0.416,0.624,0.688,0.68,0.448,0.512,0.352,0.496,0.696,0.52,0.656,0.392,0.408,0.432,0.416,0.464,0.368,0.352,0.536,0.488,0.552,0.416,0.544,0.384,0.528,0.464,0.408,1,0.496
PAT43,18,22,"[18,22]",0.536,0.56,0.496,0.496,0.528,0.552,0.6,0.416,0.52,0.6,0.648,0.464,0.504,0.456,0.488,0.432,0.504,0.568,0.504,0.552,0.48,0.56,0.488,0.56,0.544,0.488,0.568,0.552,0.584,0.504,0.48,0.4,0.336,0.632,0.504,0.6,0.488,0.488,0.576,0.496,1
HD1,19,23,"[19,23]",1,0.448,0.512,0.456,0.552,0.552,0.392,0.496,0.536,0.52,0.456,0.616,0.584,0.576,0.56,0.448,0.504,0.512,0.52,0.496,0.432,0.472,0.592,0.584,0.456,0.544,0.456,0.552,0.472,0.504,0.52,0.496,0.52,0.52,0.496,0.456,0.552,0.472,0.536,0.472,0.496
HD2,19,23,"[19,23]",0.448,1,0.776,0.64,0.512,0.48,0.416,0.856,0.4,0.512,0.352,0.704,0.608,0.776,0.792,0.84,0.176,0.392,0.224,0.536,0.696,0.56,0.632,0.352,0.256,0.488,0.352,0.384,0.432,0.368,0.608,0.792,0.672,0.544,0.696,0.416,0.608,0.368,0.432,0.624,0.792
HD3,19,23,"[19,23]",0.512,0.776,1,0.672,0.576,0.64,0.384,0.856,0.464,0.544,0.352,0.736,0.608,0.776,0.824,0.808,0.176,0.296,0.224,0.6,0.664,0.72,0.664,0.32,0.256,0.52,0.352,0.448,0.368,0.4,0.576,0.76,0.736,0.48,0.696,0.512,0.544,0.304,0.592,0.592,0.888
HD4,19,23,"[19,23]",0.456,0.64,0.672,1,0.488,0.488,0.424,0.688,0.504,0.424,0.392,0.616,0.52,0.608,0.656,0.704,0.312,0.48,0.328,0.464,0.56,0.568,0.624,0.52,0.424,0.544,0.456,0.392,0.408,0.472,0.52,0.624,0.648,0.52,0.72,0.552,0.648,0.408,0.568,0.536,0.72
HD5,19,23,"[19,23]",0.552,0.512,0.576,0.488,1,0.616,0.552,0.56,0.504,0.552,0.584,0.52,0.52,0.576,0.496,0.48,0.44,0.48,0.456,0.56,0.464,0.568,0.592,0.52,0.488,0.512,0.552,0.488,0.472,0.536,0.52,0.528,0.584,0.488,0.496,0.648,0.584,0.472,0.568,0.504,0.56
HD7,19,23,"[19,23]",0.552,0.48,0.64,0.488,0.616,1,0.616,0.528,0.6,0.616,0.552,0.584,0.584,0.544,0.592,0.512,0.472,0.448,0.552,0.592,0.528,0.696,0.528,0.552,0.52,0.576,0.52,0.68,0.536,0.568,0.584,0.56,0.552,0.68,0.496,0.616,0.552,0.504,0.44,0.6,0.56
HD8,19,23,"[19,23]",0.392,0.416,0.384,0.424,0.552,0.616,1,0.368,0.536,0.52,0.584,0.392,0.456,0.416,0.4,0.384,0.632,0.576,0.552,0.496,0.464,0.504,0.432,0.584,0.616,0.608,0.584,0.52,0.536,0.504,0.488,0.336,0.36,0.52,0.368,0.712,0.52,0.536,0.472,0.472,0.368
EDU9,19,23,"[19,23]",0.496,0.856,0.856,0.688,0.56,0.528,0.368,1,0.416,0.56,0.24,0.816,0.624,0.888,0.872,0.92,0.032,0.344,0.144,0.552,0.744,0.672,0.712,0.272,0.144,0.536,0.304,0.336,0.384,0.32,0.624,0.84,0.816,0.56,0.744,0.4,0.656,0.32,0.512,0.704,0.936
EDU10,19,23,"[19,23]",0.536,0.4,0.464,0.504,0.504,0.6,0.536,0.416,1,0.472,0.472,0.472,0.536,0.4,0.512,0.464,0.584,0.528,0.536,0.416,0.544,0.52,0.544,0.568,0.6,0.688,0.472,0.536,0.52,0.552,0.6,0.512,0.536,0.6,0.48,0.44,0.536,0.52,0.52,0.488,0.448
EDU11,19,23,"[19,23]",0.52,0.512,0.544,0.424,0.552,0.616,0.52,0.56,0.472,1,0.616,0.584,0.744,0.544,0.56,0.576,0.472,0.48,0.456,0.528,0.592,0.632,0.496,0.552,0.424,0.544,0.488,0.616,0.504,0.536,0.552,0.624,0.52,0.488,0.624,0.456,0.52,0.472,0.44,0.6,0.624
EDU12,19,23,"[19,23]",0.456,0.352,0.352,0.392,0.584,0.552,0.584,0.24,0.472,0.616,1,0.296,0.552,0.32,0.336,0.32,0.76,0.512,0.68,0.496,0.368,0.504,0.368,0.68,0.744,0.48,0.68,0.648,0.6,0.664,0.456,0.336,0.264,0.424,0.432,0.584,0.456,0.664,0.6,0.472,0.304
EDU13,19,23,"[19,23]",0.616,0.704,0.736,0.616,0.52,0.584,0.392,0.816,0.472,0.584,0.296,1,0.648,0.768,0.752,0.8,0.216,0.448,0.264,0.528,0.624,0.632,0.656,0.424,0.232,0.576,0.36,0.456,0.44,0.376,0.584,0.752,0.744,0.584,0.656,0.456,0.648,0.376,0.536,0.568,0.816
EDU14,19,23,"[19,23]",0.584,0.608,0.608,0.52,0.52,0.584,0.456,0.624,0.536,0.744,0.552,0.648,1,0.608,0.56,0.64,0.408,0.416,0.36,0.528,0.56,0.6,0.496,0.52,0.392,0.576,0.392,0.552,0.504,0.536,0.648,0.688,0.552,0.584,0.656,0.424,0.584,0.504,0.472,0.6,0.624
EDU15,19,23,"[19,23]",0.576,0.776,0.776,0.608,0.576,0.544,0.416,0.888,0.4,0.544,0.32,0.768,0.608,1,0.792,0.808,0.144,0.36,0.192,0.536,0.696,0.592,0.696,0.352,0.256,0.488,0.32,0.352,0.4,0.368,0.608,0.76,0.704,0.544,0.728,0.448,0.64,0.272,0.528,0.72,0.824
EDU16,19,23,"[19,23]",0.56,0.792,0.824,0.656,0.496,0.592,0.4,0.872,0.512,0.56,0.336,0.752,0.56,0.792,1,0.888,0.16,0.344,0.24,0.52,0.776,0.672,0.68,0.304,0.272,0.6,0.368,0.464,0.448,0.384,0.592,0.808,0.784,0.528,0.712,0.432,0.592,0.384,0.512,0.64,0.872
EDU17,19,23,"[19,23]",0.448,0.84,0.808,0.704,0.48,0.512,0.384,0.92,0.464,0.576,0.32,0.8,0.64,0.808,0.888,1,0.112,0.328,0.192,0.568,0.792,0.688,0.664,0.352,0.224,0.552,0.352,0.384,0.4,0.368,0.608,0.824,0.768,0.576,0.76,0.416,0.64,0.4,0.496,0.688,0.888
FAM18,19,23,"[19,23]",0.504,0.176,0.176,0.312,0.44,0.472,0.632,0.032,0.584,0.472,0.76,0.216,0.408,0.144,0.16,0.112,1,0.656,0.824,0.448,0.288,0.328,0.288,0.728,0.824,0.464,0.664,0.632,0.616,0.648,0.408,0.192,0.184,0.408,0.256,0.6,0.312,0.68,0.456,0.296,0.096
FAM19,19,23,"[19,23]",0.512,0.392,0.296,0.48,0.48,0.448,0.576,0.344,0.528,0.48,0.512,0.448,0.416,0.36,0.344,0.328,0.656,1,0.608,0.408,0.344,0.496,0.376,0.576,0.576,0.552,0.608,0.48,0.624,0.528,0.512,0.344,0.384,0.512,0.44,0.64,0.512,0.528,0.464,0.4,0.376
FAM20,19,23,"[19,23]",0.52,0.224,0.224,0.328,0.456,0.552,0.552,0.144,0.536,0.456,0.68,0.264,0.36,0.192,0.24,0.192,0.824,0.608,1,0.496,0.336,0.408,0.304,0.648,0.744,0.416,0.68,0.584,0.568,0.632,0.392,0.24,0.296,0.52,0.24,0.584,0.36,0.632,0.44,0.376,0.176
FAM21,19,23,"[19,23]",0.496,0.536,0.6,0.464,0.56,0.592,0.496,0.552,0.416,0.528,0.496,0.528,0.528,0.536,0.52,0.568,0.448,0.408,0.496,1,0.52,0.608,0.424,0.464,0.432,0.472,0.464,0.56,0.448,0.576,0.432,0.552,0.528,0.56,0.552,0.496,0.656,0.576,0.544,0.64,0.52
UTL22,19,23,"[19,23]",0.432,0.696,0.664,0.56,0.464,0.528,0.464,0.744,0.544,0.592,0.368,0.624,0.56,0.696,0.776,0.792,0.288,0.344,0.336,0.52,1,0.544,0.648,0.336,0.368,0.504,0.4,0.464,0.448,0.384,0.496,0.712,0.624,0.56,0.648,0.368,0.496,0.384,0.416,0.672,0.712
UTL23,19,23,"[19,23]",0.472,0.56,0.72,0.568,0.568,0.696,0.504,0.672,0.52,0.632,0.504,0.632,0.6,0.592,0.672,0.688,0.328,0.496,0.408,0.608,0.544,1,0.48,0.44,0.312,0.528,0.472,0.568,0.552,0.488,0.6,0.64,0.664,0.536,0.608,0.664,0.6,0.488,0.552,0.648,0.704
PAR25,19,23,"[19,23]",0.592,0.632,0.664,0.624,0.592,0.528,0.432,0.712,0.544,0.496,0.368,0.656,0.496,0.696,0.68,0.664,0.288,0.376,0.304,0.424,0.648,0.48,1,0.432,0.368,0.504,0.56,0.432,0.512,0.352,0.56,0.616,0.656,0.496,0.648,0.496,0.56,0.384,0.448,0.512,0.712
PAR26,19,23,"[19,23]",0.584,0.352,0.32,0.52,0.52,0.552,0.584,0.272,0.568,0.552,0.68,0.424,0.52,0.352,0.304,0.352,0.728,0.576,0.648,0.464,0.336,0.44,0.432,1,0.648,0.48,0.552,0.552,0.504,0.696,0.584,0.304,0.328,0.488,0.432,0.552,0.488,0.6,0.472,0.44,0.336
PAR27,19,23,"[19,23]",0.456,0.256,0.256,0.424,0.488,0.52,0.616,0.144,0.6,0.424,0.744,0.232,0.392,0.256,0.272,0.224,0.824,0.576,0.744,0.432,0.368,0.312,0.368,0.648,1,0.544,0.68,0.68,0.6,0.664,0.456,0.24,0.296,0.488,0.368,0.584,0.424,0.664,0.568,0.408,0.208
CAD28,19,23,"[19,23]",0.544,0.488,0.52,0.544,0.512,0.576,0.608,0.536,0.688,0.544,0.48,0.576,0.576,0.488,0.6,0.552,0.464,0.552,0.416,0.472,0.504,0.528,0.504,0.48,0.544,1,0.544,0.608,0.56,0.528,0.544,0.536,0.608,0.576,0.568,0.48,0.576,0.56,0.624,0.496,0.536
CAD29,19,23,"[19,23]",0.456,0.352,0.352,0.456,0.552,0.52,0.584,0.304,0.472,0.488,0.68,0.36,0.392,0.32,0.368,0.352,0.664,0.608,0.68,0.464,0.4,0.472,0.56,0.552,0.68,0.544,1,0.648,0.76,0.6,0.424,0.304,0.392,0.552,0.432,0.584,0.456,0.568,0.408,0.408,0.336
CAD30,19,23,"[19,23]",0.552,0.384,0.448,0.392,0.488,0.68,0.52,0.336,0.536,0.616,0.648,0.456,0.552,0.352,0.464,0.384,0.632,0.48,0.584,0.56,0.464,0.568,0.432,0.552,0.68,0.608,0.648,1,0.632,0.664,0.456,0.464,0.456,0.552,0.464,0.488,0.424,0.632,0.44,0.472,0.368
CAD31,19,23,"[19,23]",0.472,0.432,0.368,0.408,0.472,0.536,0.536,0.384,0.52,0.504,0.6,0.44,0.504,0.4,0.448,0.4,0.616,0.624,0.568,0.448,0.448,0.552,0.512,0.504,0.6,0.56,0.76,0.632,1,0.52,0.472,0.384,0.44,0.568,0.48,0.568,0.472,0.52,0.456,0.52,0.416
CAD32,19,23,"[19,23]",0.504,0.368,0.4,0.472,0.536,0.568,0.504,0.32,0.552,0.536,0.664,0.376,0.536,0.368,0.384,0.368,0.648,0.528,0.632,0.576,0.384,0.488,0.352,0.696,0.664,0.528,0.6,0.664,0.52,1,0.504,0.448,0.408,0.536,0.448,0.408,0.536,0.616,0.52,0.52,0.352
CAD33,19,23,"[19,23]",0.52,0.608,0.576,0.52,0.52,0.584,0.488,0.624,0.6,0.552,0.456,0.584,0.648,0.608,0.592,0.608,0.408,0.512,0.392,0.432,0.496,0.6,0.56,0.584,0.456,0.544,0.424,0.456,0.472,0.504,1,0.496,0.648,0.616,0.56,0.52,0.52,0.504,0.472,0.568,0.624
CAD34,19,23,"[19,23]",0.496,0.792,0.76,0.624,0.528,0.56,0.336,0.84,0.512,0.624,0.336,0.752,0.688,0.76,0.808,0.824,0.192,0.344,0.24,0.552,0.712,0.64,0.616,0.304,0.24,0.536,0.304,0.464,0.384,0.448,0.496,1,0.752,0.56,0.68,0.368,0.592,0.384,0.48,0.672,0.776
CAD35,19,23,"[19,23]",0.52,0.672,0.736,0.648,0.584,0.552,0.36,0.816,0.536,0.52,0.264,0.744,0.552,0.704,0.784,0.768,0.184,0.384,0.296,0.528,0.624,0.664,0.656,0.328,0.296,0.608,0.392,0.456,0.44,0.408,0.648,0.752,1,0.552,0.592,0.456,0.616,0.408,0.536,0.568,0.752
PRO36,19,23,"[19,23]",0.52,0.544,0.48,0.52,0.488,0.68,0.52,0.56,0.6,0.488,0.424,0.584,0.584,0.544,0.528,0.576,0.408,0.512,0.52,0.56,0.56,0.536,0.496,0.488,0.488,0.576,0.552,0.552,0.568,0.536,0.616,0.56,0.552,1,0.464,0.456,0.584,0.504,0.44,0.76,0.496
PRO37,19,23,"[19,23]",0.496,0.696,0.696,0.72,0.496,0.496,0.368,0.744,0.48,0.624,0.432,0.656,0.656,0.728,0.712,0.76,0.256,0.44,0.24,0.552,0.648,0.608,0.648,0.432,0.368,0.568,0.432,0.464,0.48,0.448,0.56,0.68,0.592,0.464,1,0.432,0.688,0.416,0.608,0.608,0.776
PRO38,19,23,"[19,23]",0.456,0.416,0.512,0.552,0.648,0.616,0.712,0.4,0.44,0.456,0.584,0.456,0.424,0.448,0.432,0.416,0.6,0.64,0.584,0.496,0.368,0.664,0.496,0.552,0.584,0.48,0.584,0.488,0.568,0.408,0.52,0.368,0.456,0.456,0.432,1,0.488,0.472,0.536,0.44,0.464
PRO39,19,23,"[19,23]",0.552,0.608,0.544,0.648,0.584,0.552,0.52,0.656,0.536,0.52,0.456,0.648,0.584,0.64,0.592,0.64,0.312,0.512,0.36,0.656,0.496,0.6,0.56,0.488,0.424,0.576,0.456,0.424,0.472,0.536,0.52,0.592,0.616,0.584,0.688,0.488,1,0.472,0.568,0.664,0.624
PAT40,19,23,"[19,23]",0.472,0.368,0.304,0.408,0.472,0.504,0.536,0.32,0.52,0.472,0.664,0.376,0.504,0.272,0.384,0.4,0.68,0.528,0.632,0.576,0.384,0.488,0.384,0.6,0.664,0.56,0.568,0.632,0.52,0.616,0.504,0.384,0.408,0.504,0.416,0.472,0.472,1,0.52,0.456,0.32
PAT41,19,23,"[19,23]",0.536,0.432,0.592,0.568,0.568,0.44,0.472,0.512,0.52,0.44,0.6,0.536,0.472,0.528,0.512,0.496,0.456,0.464,0.44,0.544,0.416,0.552,0.448,0.472,0.568,0.624,0.408,0.44,0.456,0.52,0.472,0.48,0.536,0.44,0.608,0.536,0.568,0.52,1,0.52,0.544
PAT42,19,23,"[19,23]",0.472,0.624,0.592,0.536,0.504,0.6,0.472,0.704,0.488,0.6,0.472,0.568,0.6,0.72,0.64,0.688,0.296,0.4,0.376,0.64,0.672,0.648,0.512,0.44,0.408,0.496,0.408,0.472,0.52,0.52,0.568,0.672,0.568,0.76,0.608,0.44,0.664,0.456,0.52,1,0.64
PAT43,19,23,"[19,23]",0.496,0.792,0.888,0.72,0.56,0.56,0.368,0.936,0.448,0.624,0.304,0.816,0.624,0.824,0.872,0.888,0.096,0.376,0.176,0.52,0.712,0.704,0.712,0.336,0.208,0.536,0.336,0.368,0.416,0.352,0.624,0.776,0.752,0.496,0.776,0.464,0.624,0.32,0.544,0.64,1
